# HSK 2012 vocabulary list, levels 1-6
#
# Downloaded from: http://hskhsk.pythonanywhere.com/hskwords
# Accessed on 2014-01-12
#
# Column header:
# Word, Level
的,1
我,1
你,1
是,1
了,1
不,1
在,1
他,1
我们,1
好,1
有,1
这,1
会,1
吗,1
什么,1
说,1
她,1
想,1
一,1
很,1
人,1
那,1
来,1
都,1
个,1
能,1
去,1
和,1
做,1
上,1
没有,1
看,1
怎么,1
现在,1
点,1
呢,1
太,1
里,1
听,1
谁,1
多,1
时候,1
下,1
谢谢,1
先生,1
喜欢,1
大,1
东西,1
小,1
叫,1
爱,1
年,1
请,1
回,1
工作,1
钱,1
吃,1
开,1
家,1
哪,1
朋友,1
妈妈,1
今天,1
几,1
爸爸,1
些,1
怎么样,1
对不起,1
住,1
三,1
高兴,1
买,1
医生,1
哪儿,1
名字,1
认识,1
坐,1
喝,1
写,1
月,1
号,1
狗,1
岁,1
看见,1
打电话,1
喂,1
儿子,1
漂亮,1
分钟,1
再见,1
本,1
明天,1
多少,1
块,1
女儿,1
小姐,1
衣服,1
水,1
学校,1
电影,1
书,1
四,1
五,1
医院,1
少,1
没关系,1
飞机,1
二,1
电视,1
读,1
后面,1
昨天,1
睡觉,1
六,1
老师,1
星期,1
十,1
猫,1
电脑,1
热,1
学生,1
下午,1
字,1
学习,1
冷,1
前面,1
八,1
中国,1
七,1
菜,1
桌子,1
出租车,1
天气,1
茶,1
九,1
商店,1
椅子,1
同学,1
一点儿,1
苹果,1
饭店,1
中午,1
上午,1
水果,1
杯子,1
下雨,1
米饭,1
北京,1
汉语,1
不客气,1
就,2
要,2
知道,2
吧,2
到,2
对,2
也,2
还,2
让,2
给,2
过,2
得,2
真,2
着,2
可以,2
别,2
走,2
告诉,2
因为,2
再,2
快,2
但是,2
已经,2
为什么,2
觉得,2
它,2
从,2
找,2
最,2
可能,2
次,2
出,2
孩子,2
所以,2
两,2
错,2
等,2
问题,2
一起,2
开始,2
时间,2
事情,2
一下,2
非常,2
希望,2
准备,2
比,2
问,2
件,2
意思,2
第一,2
进,2
大家,2
新,2
您,2
穿,2
送,2
玩,2
长,2
小时,2
完,2
每,2
公司,2
帮助,2
晚上,2
说话,2
门,2
女,2
忙,2
卖,2
高,2
房间,2
路,2
懂,2
正在,2
笑,2
远,2
妻子,2
丈夫,2
离,2
往,2
男,2
眼睛,2
快乐,2
虽然,2
早上,2
药,2
身体,2
黑,2
咖啡,2
日,2
休息,2
外,2
生日,2
哥哥,2
票,2
手机,2
洗,2
跳舞,2
弟弟,2
妹妹,2
红,2
慢,2
近,2
白,2
姐姐,2
介绍,2
鱼,2
累,2
课,2
上班,2
旁边,2
运动,2
去年,2
报纸,2
颜色,2
机场,2
唱歌,2
千,2
好吃,2
考试,2
左边,2
姓,2
百,2
雪,2
贵,2
生病,2
游泳,2
牛奶,2
右边,2
便宜,2
起床,2
鸡蛋,2
题,2
零,2
手表,2
旅游,2
服务员,2
宾馆,2
教室,2
跑步,2
阴,2
面条,2
铅笔,2
火车站,2
西瓜,2
羊肉,2
晴,2
公共汽车,2
打篮球,2
踢足球,2
啊,3
还,3
把,3
过,3
如果,3
只,3
被,3
跟,3
自己,3
用,3
像,3
为,3
需要,3
应该,3
起来,3
才,3
又,3
拿,3
更,3
带,3
然后,3
一样,3
当然,3
相信,3
认为,3
明白,3
一直,3
地方,3
离开,3
一定,3
还是,3
发现,3
而且,3
必须,3
放,3
为了,3
地,3
向,3
老,3
位,3
先,3
种,3
最后,3
其他,3
记得,3
或者,3
过去,3
担心,3
条,3
以前,3
长,3
世界,3
重要,3
别人,3
机会,3
张,3
接,3
比赛,3
关系,3
马上,3
决定,3
关于,3
难,3
了解,3
站,3
结束,3
清楚,3
愿意,3
花,3
照片,3
欢迎,3
总是,3
嘴,3
参加,3
办法,3
选择,3
坏,3
打算,3
试,3
特别,3
注意,3
其实,3
小心,3
久,3
只有,3
马,3
讲,3
故事,3
换,3
结婚,3
段,3
努力,3
害怕,3
发,3
刚才,3
节目,3
辆,3
万,3
关,3
解决,3
办公室,3
奇怪,3
同意,3
游戏,3
帮忙,3
国家,3
最近,3
声音,3
可爱,3
分,3
完成,3
半,3
要求,3
除了,3
容易,3
教,3
脸,3
简单,3
检查,3
音乐,3
越,3
照顾,3
聪明,3
甜,3
突然,3
终于,3
船,3
口,3
回答,3
礼物,3
头发,3
关心,3
脚,3
生气,3
哭,3
画,3
年轻,3
包,3
腿,3
忘记,3
搬,3
楼,3
遇到,3
新闻,3
比较,3
双,3
见面,3
经常,3
城市,3
一会儿,3
附近,3
借,3
影响,3
认真,3
米,3
差,3
银行,3
安静,3
多么,3
饿,3
根据,3
几乎,3
后来,3
动物,3
西,3
一边,3
舒服,3
一般,3
叔叔,3
疼,3
迟到,3
历史,3
啤酒,3
短,3
经过,3
周末,3
班,3
习惯,3
公园,3
干净,3
鸟,3
健康,3
树,3
蛋糕,3
元,3
客人,3
会议,3
奶奶,3
裤子,3
邻居,3
经理,3
层,3
灯,3
练习,3
爷爷,3
蓝,3
难过,3
中间,3
帽子,3
司机,3
旧,3
满意,3
骑,3
太阳,3
极,3
主要,3
同事,3
鼻子,3
角,3
变化,3
东,3
年级,3
环境,3
胖,3
地图,3
面包,3
耳朵,3
裙子,3
新鲜,3
放心,3
聊天,3
南,3
热情,3
信用卡,3
电梯,3
方便,3
洗手间,3
洗澡,3
饮料,3
校长,3
水平,3
作业,3
衬衫,3
成绩,3
碗,3
阿姨,3
图书馆,3
文化,3
绿,3
打扫,3
草,3
冰箱,3
数学,3
自行车,3
着急,3
瘦,3
提高,3
起飞,3
矮,3
地铁,3
体育,3
刻,3
护照,3
节日,3
盘子,3
一共,3
瓶子,3
街道,3
锻炼,3
感冒,3
爱好,3
超市,3
月亮,3
饱,3
有名,3
笔记本,3
香蕉,3
夏,3
菜单,3
上网,3
北方,3
季节,3
发烧,3
渴,3
不但,3
空调,3
照相机,3
春,3
伞,3
公斤,3
个子,3
熊猫,3
刷牙,3
复习,3
冬,3
请假,3
中文,3
秋,3
句子,3
行李箱,3
筷子,3
皮鞋,3
爬山,3
黑板,3
感兴趣,3
词典,3
留学,3
刮风,3
黄河,3
电子邮件,3
得,4
死,4
干,4
而,4
等,4
当,4
所有,4
也许,4
行,4
不过,4
发生,4
一切,4
抱歉,4
感觉,4
肯定,4
棒,4
以为,4
掉,4
生活,4
之,4
任何,4
与,4
弄,4
却,4
继续,4
以,4
够,4
父亲,4
完全,4
可是,4
谈,4
好像,4
警察,4
场,4
刚,4
呀,4
情况,4
只要,4
份,4
到底,4
成为,4
永远,4
安全,4
留,4
计划,4
俩,4
停,4
感谢,4
敢,4
从来,4
赢,4
消息,4
拉,4
原因,4
连,4
确实,4
挺,4
保证,4
接受,4
改变,4
麻烦,4
出现,4
不管,4
甚至,4
保护,4
真正,4
结果,4
当时,4
至少,4
律师,4
表演,4
无,4
猜,4
咱们,4
进行,4
内,4
是否,4
调查,4
成功,4
考虑,4
约会,4
通过,4
开心,4
母亲,4
主意,4
倒,4
解释,4
联系,4
证明,4
生命,4
难道,4
由,4
指,4
危险,4
讨厌,4
醒,4
样子,4
有趣,4
提,4
部分,4
理解,4
重,4
任务,4
使,4
转,4
博士,4
紧张,4
放弃,4
大概,4
重新,4
其中,4
来自,4
本来,4
并且,4
直接,4
对于,4
正常,4
遍,4
冷静,4
方法,4
扔,4
能力,4
另外,4
放松,4
丢,4
负责,4
梦,4
戴,4
错误,4
随便,4
底,4
经历,4
支持,4
建议,4
否则,4
光,4
安排,4
钥匙,4
信息,4
全部,4
首先,4
照,4
交,4
台,4
坚持,4
生意,4
火,4
即使,4
到处,4
挂,4
道歉,4
可怜,4
实在,4
骗,4
原谅,4
乱,4
差不多,4
满,4
假,4
研究,4
打扰,4
正确,4
收,4
秒,4
同时,4
提供,4
输,4
号码,4
座,4
比如,4
严重,4
脱,4
陪,4
法律,4
值得,4
使用,4
方面,4
原来,4
讨论,4
说明,4
仍然,4
动作,4
受到,4
赶,4
怀疑,4
拒绝,4
演员,4
破,4
因此,4
答案,4
活动,4
既然,4
通知,4
不得不,4
无论,4
刀,4
适合,4
允许,4
失望,4
意见,4
获得,4
要是,4
邀请,4
尽管,4
浪费,4
失败,4
责任,4
美丽,4
压力,4
味道,4
厉害,4
出发,4
兴奋,4
观众,4
反对,4
精彩,4
感情,4
演出,4
愉快,4
开玩笑,4
杂志,4
合适,4
广告,4
自然,4
深,4
取,4
地球,4
帅,4
推,4
关键,4
空,4
抱,4
究竟,4
恐怕,4
躺,4
聚会,4
方向,4
幸福,4
接着,4
技术,4
困难,4
正好,4
提醒,4
旅行,4
激动,4
骄傲,4
毛,4
节,4
许多,4
顺利,4
职业,4
地址,4
赚,4
于是,4
收拾,4
周围,4
爱情,4
十分,4
尊重,4
教授,4
超过,4
寄,4
顺便,4
无聊,4
目的,4
低,4
剩,4
复杂,4
社会,4
故意,4
好处,4
竟然,4
表示,4
印象,4
出生,4
估计,4
地点,4
轻松,4
作用,4
举,4
小伙子,4
著名,4
免费,4
伤心,4
记者,4
仔细,4
巧克力,4
辣,4
互相,4
厕所,4
过程,4
申请,4
引起,4
发展,4
毕业,4
正式,4
厨房,4
专业,4
吸引,4
心情,4
祝贺,4
条件,4
千万,4
糖,4
趟,4
困,4
由于,4
密码,4
倍,4
擦,4
尤其,4
经验,4
盒子,4
干杯,4
看法,4
脏,4
艺术,4
速度,4
勇敢,4
数字,4
暂时,4
优秀,4
笑话,4
可惜,4
响,4
省,4
科学,4
笨,4
餐厅,4
各,4
距离,4
窗户,4
空气,4
护士,4
后悔,4
大约,4
内容,4
规定,4
效果,4
现金,4
儿童,4
租,4
篇,4
浪漫,4
态度,4
自信,4
轻,4
吃惊,4
熟悉,4
按照,4
世纪,4
回忆,4
相同,4
重点,4
教育,4
受不了,4
皮肤,4
区别,4
左右,4
阳光,4
页,4
文章,4
语言,4
标准,4
管理,4
误会,4
桥,4
举行,4
肚子,4
不仅,4
饼干,4
国际,4
信心,4
抬,4
竞争,4
汤,4
作家,4
诚实,4
顾客,4
存,4
香,4
交流,4
打扮,4
小说,4
年龄,4
符合,4
交通,4
共同,4
稍微,4
增加,4
敲,4
适应,4
然而,4
辛苦,4
将来,4
耐心,4
沙发,4
最好,4
禁止,4
经济,4
座位,4
购物,4
抽烟,4
航班,4
礼貌,4
提前,4
判断,4
胳膊,4
整理,4
森林,4
同情,4
网站,4
商量,4
眼镜,4
镜子,4
苦,4
广播,4
专门,4
尝,4
流行,4
材料,4
对话,4
详细,4
随着,4
降落,4
功夫,4
严格,4
日记,4
偶尔,4
实际,4
友好,4
相反,4
大夫,4
友谊,4
准确,4
平时,4
对面,4
脾气,4
价格,4
性格,4
鼓励,4
及时,4
迷路,4
棵,4
理想,4
工资,4
只好,4
散步,4
感动,4
知识,4
难受,4
奖金,4
幽默,4
孙子,4
汗,4
收入,4
酸,4
公里,4
基础,4
害羞,4
准时,4
积极,4
富,4
力气,4
入口,4
袜子,4
烦恼,4
举办,4
修理,4
减少,4
亲戚,4
参观,4
丰富,4
果汁,4
毛巾,4
作者,4
海洋,4
批评,4
排队,4
例如,4
植物,4
穷,4
家具,4
盐,4
温度,4
数量,4
逛,4
厚,4
亚洲,4
来不及,4
师傅,4
污染,4
减肥,4
来得及,4
客厅,4
缺少,4
老虎,4
降低,4
云,4
质量,4
学期,4
卫生间,4
其次,4
网球,4
打招呼,4
表格,4
阅读,4
信封,4
顺序,4
乘坐,4
重视,4
推迟,4
缺点,4
加油站,4
首都,4
羡慕,4
零钱,4
暖和,4
懒,4
出差,4
民族,4
传真,4
优点,4
垃圾桶,4
加班,4
房东,4
按时,4
葡萄,4
往往,4
高速公路,4
得意,4
特点,4
合格,4
性别,4
报名,4
互联网,4
景色,4
大使馆,4
总结,4
热闹,4
郊区,4
咳嗽,4
签证,4
咸,4
打印,4
活泼,4
邮局,4
牙膏,4
气候,4
勺子,4
付款,4
理发,4
复印,4
词语,4
表扬,4
打针,4
普遍,4
堵车,4
叶子,4
打折,4
排列,4
凉快,4
塑料袋,4
导游,4
小吃,4
西红柿,4
招聘,4
节约,4
硕士,4
乒乓球,4
积累,4
橡皮,4
应聘,4
矿泉水,4
长城,4
语法,4
礼拜天,4
饺子,4
国籍,4
售货员,4
流利,4
粗心,4
养成,4
马虎,4
百分之,4
普通话,4
登机牌,4
占线,4
包子,4
羽毛球,4
烤鸭,4
寒假,4
长江,4
预习,4
填空,4
京剧,4
弹钢琴,4
放暑假,4
短信,4
翻译,4
嗯,5
杀,5
所,5
正,5
搞,5
亲爱,5
宝贝,5
枪,5
如何,5
女士,5
根本,5
确定,5
兄弟,5
抓,5
或许,5
救,5
唯一,5
表现,5
拍,5
呆,5
绝对,5
整个,5
处理,5
行动,5
失去,5
派,5
靠,5
作为,5
曾经,5
总统,5
伤害,5
控制,5
偷,5
首,5
哈,5
糟糕,5
保持,5
证据,5
事实,5
家庭,5
装,5
秘密,5
简直,5
的确,5
血,5
方式,5
瞧,5
疯狂,5
片,5
记录,5
太太,5
除非,5
傻,5
阻止,5
想象,5
完美,5
克,5
目标,5
精神,5
碰,5
系统,5
滚,5
报告,5
人类,5
冲,5
自由,5
套,5
姑娘,5
手术,5
必要,5
痛苦,5
存在,5
组,5
以及,5
个人,5
代表,5
意义,5
承认,5
理由,5
显然,5
政府,5
幸运,5
信任,5
未来,5
根,5
吓,5
治疗,5
行为,5
婚礼,5
组织,5
老板,5
合作,5
支,5
老婆,5
中心,5
可怕,5
明显,5
消失,5
位置,5
答应,5
撞,5
似乎,5
力量,5
命令,5
威胁,5
日子,5
享受,5
战争,5
恭喜,5
利用,5
恨,5
训练,5
酒吧,5
身份,5
模特,5
一旦,5
追,5
群,5
面对,5
居然,5
雷,5
真实,5
人生,5
受伤,5
夜,5
属于,5
出色,5
目前,5
锁,5
梦想,5
人员,5
英雄,5
感受,5
吻,5
逃,5
数,5
公寓,5
文件,5
寻找,5
烂,5
不然,5
欠,5
反应,5
意外,5
食物,5
遗憾,5
反正,5
设计,5
醉,5
私人,5
某,5
伟大,5
臭,5
自从,5
签,5
颗,5
朝,5
呼吸,5
明星,5
超级,5
破坏,5
角色,5
顿,5
便,5
包括,5
时刻,5
相当,5
闻,5
公平,5
堆,5
俱乐部,5
通常,5
咬,5
造成,5
信号,5
充满,5
断,5
抢,5
现实,5
恢复,5
确认,5
怀孕,5
资料,5
婚姻,5
圈,5
脑袋,5
分手,5
心理,5
项,5
记忆,5
紧急,5
接近,5
吵,5
权利,5
冠军,5
教练,5
对方,5
随时,5
敌人,5
背,5
人物,5
猪,5
感激,5
嫁,5
挑战,5
非,5
状态,5
报道,5
参与,5
彼此,5
到达,5
显示,5
立刻,5
吐,5
取消,5
离婚,5
等待,5
尽力,5
庆祝,5
假装,5
吹,5
在乎,5
状况,5
心脏,5
似的,5
国王,5
项目,5
集中,5
实话,5
表情,5
冒险,5
胜利,5
官,5
直,5
期待,5
保险,5
单独,5
专家,5
赶快,5
风格,5
机器,5
方,5
尽快,5
价值,5
切,5
墙,5
彻底,5
翻,5
摆,5
请求,5
命运,5
特殊,5
老实,5
年代,5
士兵,5
以来,5
屋子,5
制造,5
退,5
戒指,5
洞,5
作品,5
则,5
去世,5
规则,5
说服,5
产生,5
布,5
时代,5
接触,5
卡车,5
规矩,5
部门,5
基本,5
分析,5
地区,5
导致,5
对待,5
主人,5
宣布,5
空间,5
想念,5
程序,5
炒,5
情绪,5
创造,5
范围,5
称,5
尽量,5
亲自,5
石头,5
细节,5
顶,5
道理,5
运气,5
喊,5
制作,5
相处,5
度过,5
奇迹,5
媒体,5
赶紧,5
匹,5
建立,5
无所谓,5
表达,5
一辈子,5
神秘,5
实现,5
政治,5
巨大,5
对手,5
刺激,5
凭,5
废话,5
掌握,5
脖子,5
玩具,5
满足,5
传统,5
念,5
重复,5
和平,5
欣赏,5
支票,5
理论,5
角度,5
年纪,5
观察,5
老鼠,5
龙,5
盖,5
移动,5
不断,5
公主,5
滑,5
摸,5
思考,5
关闭,5
幻想,5
甩,5
伙伴,5
插,5
达到,5
总之,5
亮,5
程度,5
碎,5
在于,5
教训,5
权力,5
稳定,5
尊敬,5
坚强,5
数据,5
玻璃,5
勇气,5
员工,5
好奇,5
了不起,5
砍,5
假设,5
借口,5
土地,5
平,5
抱怨,5
承受,5
时尚,5
病毒,5
设备,5
硬,5
娶,5
投资,5
过分,5
对象,5
一致,5
魅力,5
实验,5
恋爱,5
话题,5
市场,5
团,5
建筑,5
损失,5
王子,5
自豪,5
投入,5
成熟,5
表明,5
幅,5
工具,5
骨头,5
踩,5
假如,5
合同,5
争取,5
胸,5
当地,5
微笑,5
出口,5
蛇,5
乖,5
内部,5
系,5
姿势,5
瞎,5
卧室,5
手指,5
哎,5
资格,5
辞职,5
合法,5
搜索,5
工厂,5
独立,5
决赛,5
网络,5
毛病,5
晕,5
公开,5
观点,5
说不定,5
交换,5
拥抱,5
万一,5
发明,5
重大,5
组合,5
思想,5
针对,5
具体,5
领导,5
主题,5
牙齿,5
绕,5
主任,5
驾驶,5
应付,5
财产,5
吵架,5
服装,5
高级,5
欧洲,5
风险,5
挡,5
后果,5
个性,5
交往,5
立即,5
避免,5
保留,5
批,5
捡,5
持续,5
猴子,5
采取,5
升,5
类型,5
金属,5
合理,5
期间,5
暗,5
产品,5
精力,5
退休,5
胡说,5
指挥,5
丑,5
自动,5
法院,5
依然,5
平静,5
蹲,5
发表,5
演讲,5
滴,5
戒,5
成长,5
深刻,5
划,5
光临,5
诗,5
占,5
唉,5
背景,5
救护车,5
模仿,5
采访,5
评价,5
强烈,5
挣,5
违反,5
阶段,5
否认,5
逃避,5
频道,5
时期,5
物质,5
传说,5
射击,5
伸,5
愿望,5
兔子,5
形象,5
事物,5
绳子,5
发挥,5
纪念,5
倒霉,5
毕竟,5
道德,5
安慰,5
肌肉,5
娱乐,5
睁,5
经典,5
显得,5
进步,5
追求,5
趁,5
敏感,5
博物馆,5
遵守,5
煮,5
承担,5
拆,5
天空,5
至于,5
登记,5
骂,5
指导,5
不安,5
相关,5
身材,5
讽刺,5
抓紧,5
圆,5
沉默,5
严肃,5
配合,5
称呼,5
逗,5
标志,5
平常,5
摇,5
完整,5
肩膀,5
宣传,5
谈判,5
隔壁,5
商业,5
自私,5
沙漠,5
亿,5
手套,5
面临,5
等于,5
当心,5
经营,5
出席,5
课程,5
字母,5
项链,5
劝,5
资金,5
原则,5
哪怕,5
纪录,5
玉米,5
宠物,5
灰,5
广场,5
限制,5
无数,5
烫,5
善良,5
表面,5
主席,5
智慧,5
主动,5
联合,5
漏,5
气氛,5
批准,5
可靠,5
体验,5
录音,5
编辑,5
优势,5
临时,5
黄金,5
温柔,5
成就,5
方案,5
形容,5
利益,5
询问,5
军事,5
捐,5
销售,5
结论,5
平衡,5
良好,5
工人,5
自愿,5
祝福,5
措施,5
化学,5
调整,5
胃,5
过敏,5
包裹,5
妇女,5
地毯,5
总算,5
宴会,5
怀念,5
代替,5
干脆,5
温暖,5
出版,5
主持,5
缺乏,5
义务,5
连续,5
蜜蜂,5
夸张,5
保存,5
如今,5
不如,5
迟早,5
电台,5
推荐,5
鼓掌,5
撕,5
咨询,5
糊涂,5
燃烧,5
豪华,5
轻易,5
青,5
软,5
人口,5
银,5
功能,5
明确,5
把握,5
激烈,5
扶,5
集合,5
秘书,5
闯,5
事先,5
复制,5
摄影,5
闪电,5
车库,5
破产,5
沙滩,5
着火,5
移民,5
日期,5
赞成,5
热爱,5
摩托车,5
形式,5
矛盾,5
现象,5
结合,5
相似,5
领域,5
充分,5
据说,5
电池,5
平安,5
家乡,5
迅速,5
前途,5
现代,5
成立,5
弱,5
妨碍,5
挥,5
装饰,5
诊断,5
资源,5
成人,5
独特,5
体会,5
腰,5
生产,5
播放,5
光明,5
贷款,5
胆小鬼,5
钓,5
地震,5
转变,5
最初,5
组成,5
各自,5
摘,5
专心,5
告别,5
贡献,5
地位,5
始终,5
打交道,5
账户,5
股票,5
形成,5
行业,5
戏剧,5
执照,5
沟通,5
汽油,5
健身,5
披,5
寂寞,5
单位,5
论文,5
多亏,5
固定,5
口味,5
注册,5
英俊,5
木头,5
果然,5
公布,5
乐观,5
至今,5
争论,5
名片,5
陌生,5
业余,5
人才,5
失业,5
歪,5
难怪,5
克服,5
全面,5
计算,5
收获,5
歇,5
有利,5
谨慎,5
甲,5
犹豫,5
从此,5
下载,5
企业,5
狮子,5
青少年,5
展开,5
双方,5
象征,5
开放,5
大型,5
冻,5
忍不住,5
文明,5
晒,5
舒适,5
大象,5
因素,5
不足,5
疑问,5
操心,5
雾,5
从前,5
运用,5
天真,5
土豆,5
偶然,5
翅膀,5
列车,5
极其,5
香肠,5
届,5
决心,5
从事,5
位于,5
传播,5
宽,5
迎接,5
蝴蝶,5
反而,5
总裁,5
尾巴,5
剪刀,5
点心,5
抽屉,5
朵,5
阵,5
狡猾,5
风景,5
写作,5
大厦,5
赞美,5
其余,5
结构,5
洒,5
证件,5
热烈,5
发言,5
摔倒,5
辩论,5
能源,5
胃口,5
落后,5
传染,5
不要紧,5
特征,5
实习,5
忽视,5
赔偿,5
逻辑,5
物理,5
肥皂,5
输入,5
管子,5
拦,5
宝贵,5
情景,5
概念,5
招待,5
安装,5
逐渐,5
修改,5
分别,5
蔬菜,5
语气,5
握手,5
设施,5
奋斗,5
珍惜,5
成果,5
培养,5
秩序,5
锅,5
形状,5
装修,5
影子,5
催,5
成分,5
薄,5
铃,5
税,5
宿舍,5
痒,5
浓,5
仿佛,5
要不,5
业务,5
运输,5
制定,5
收据,5
宁可,5
工程师,5
神话,5
桃,5
耽误,5
问候,5
待遇,5
提问,5
核心,5
打工,5
开发,5
维修,5
文字,5
本质,5
麦克风,5
统一,5
模糊,5
补充,5
分配,5
嘉宾,5
花生,5
形势,5
软件,5
平等,5
零件,5
多余,5
青春,5
浅,5
会计,5
发抖,5
工业,5
耳环,5
体贴,5
日常,5
飘,5
冰激凌,5
善于,5
球迷,5
集体,5
改进,5
时髦,5
生长,5
吸收,5
测验,5
担任,5
怪不得,5
随身,5
培训,5
县,5
改善,5
总共,5
文学,5
打听,5
劳驾,5
平均,5
彩虹,5
日程,5
此外,5
制度,5
扩大,5
相对,5
单纯,5
录取,5
阳台,5
牛仔裤,5
后背,5
简历,5
利润,5
窗帘,5
重量,5
丝毫,5
商品,5
反复,5
台阶,5
涨,5
突出,5
辣椒,5
出示,5
地道,5
强调,5
展览,5
活跃,5
转告,5
删除,5
豆腐,5
舅舅,5
夸,5
忽然,5
包含,5
农民,5
危害,5
志愿者,5
恶劣,5
责备,5
哲学,5
反映,5
柜台,5
抄,5
悄悄,5
眉毛,5
贸易,5
接待,5
特色,5
具备,5
何况,5
辅导,5
纪律,5
对比,5
色彩,5
构成,5
姑姑,5
消化,5
围巾,5
车厢,5
体现,5
乐器,5
规律,5
密切,5
不得了,5
外交,5
否定,5
观念,5
递,5
鼓舞,5
浇,5
规模,5
召开,5
佩服,5
艰苦,5
嗓子,5
整体,5
启发,5
手工,5
报社,5
报到,5
营养,5
幼儿园,5
吨,5
盆,5
匆忙,5
吸取,5
从而,5
及格,5
何必,5
火柴,5
淡,5
嫩,5
目录,5
结实,5
痛快,5
手续,5
综合,5
优美,5
古代,5
壶,5
围绕,5
延长,5
外公,5
兼职,5
利息,5
营业,5
消费,5
题目,5
岸,5
预订,5
效率,5
缓解,5
休闲,5
预防,5
昆虫,5
谦虚,5
客观,5
坚决,5
流泪,5
亲切,5
感想,5
必然,5
比例,5
爱心,5
海关,5
过期,5
消极,5
夏令营,5
日历,5
勿,5
拥挤,5
淘气,5
看望,5
透明,5
梨,5
建设,5
节省,5
热心,5
劳动,5
流传,5
灵活,5
家务,5
称赞,5
参考,5
躲藏,5
古典,5
周到,5
改革,5
名牌,5
高档,5
数码,5
讨价还价,5
实践,5
零食,5
总理,5
灰尘,5
大方,5
发达,5
厘米,5
个别,5
紫,5
预报,5
地理,5
盼望,5
陆地,5
惭愧,5
性质,5
浏览,5
动画片,5
印刷,5
常识,5
醋,5
胶水,5
进口,5
种类,5
池塘,5
主张,5
坦率,5
生动,5
上当,5
操场,5
钢铁,5
用途,5
疲劳,5
整齐,5
失眠,5
轮流,5
罚款,5
商务,5
粗糙,5
键盘,5
叉子,5
巧妙,5
迫切,5
单元,5
苗条,5
未必,5
熬夜,5
描写,5
丝绸,5
幸亏,5
原料,5
应用,5
征求,5
词汇,5
被子,5
完善,5
海鲜,5
步骤,5
平方,5
武术,5
潮湿,5
学术,5
差距,5
悲观,5
促使,5
推广,5
粮食,5
空闲,5
叙述,5
小气,5
难免,5
干燥,5
议论,5
改正,5
人事,5
初级,5
优惠,5
急诊,5
长途,5
广泛,5
美术,5
窄,5
调皮,5
光滑,5
讲座,5
斜,5
诚恳,5
冷淡,5
熟练,5
册,5
乙,5
办理,5
面积,5
农业,5
合影,5
舍不得,5
趋势,5
交际,5
主观,5
繁荣,5
格外,5
小麦,5
慌张,5
本领,5
梳子,5
分布,5
促进,5
老百姓,5
姥姥,5
桔子,5
中介,5
爱护,5
开幕式,5
勤奋,5
字幕,5
自觉,5
实用,5
象棋,5
兑换,5
傍晚,5
照常,5
夹子,5
讲究,5
用功,5
不耐烦,5
缩短,5
振动,5
单调,5
发票,5
轻视,5
学历,5
岛屿,5
时差,5
纷纷,5
艰巨,5
长辈,5
竹子,5
朗读,5
打喷嚏,5
一再,5
行人,5
可见,5
再三,5
酱油,5
刻苦,5
样式,5
灰心,5
作文,5
悠久,5
无奈,5
结账,5
因而,5
寿命,5
游览,5
硬件,5
疼爱,5
抽象,5
随手,5
书架,5
逐步,5
委屈,5
试卷,5
农村,5
押金,5
充电器,5
公元,5
除夕,5
退步,5
风俗,5
概括,5
果实,5
次要,5
往返,5
好客,5
着凉,5
提倡,5
发愁,5
拐弯,5
看不起,5
能干,5
广大,5
省略,5
均匀,5
湿润,5
吃亏,5
学问,5
内科,5
鲜艳,5
不见得,5
光盘,5
孝顺,5
声调,5
灾害,5
陆续,5
国庆节,5
爱惜,5
一律,5
片面,5
开水,5
清淡,5
鞭炮,5
馒头,5
扇子,5
经商,5
与其,5
日用品,5
中旬,5
干活儿,5
胡同,5
教材,5
鼠标,5
文具,5
本科,5
煤炭,5
急忙,5
推辞,5
元旦,5
提纲,5
成语,5
汇率,5
近代,5
华裔,5
粘贴,5
拼音,5
尺子,5
虚心,5
挂号,5
标点,5
归纳,5
太极拳,5
人民币,5
名胜古迹,5
连忙,5
使劲儿,5
导演,5
油炸,5
系领带,5
哦,6
嘿,6
嗨,6
嘛,6
家伙,6
啦,6
喂,6
哇,6
拜托,6
而已,6
夫人,6
尸体,6
现场,6
监狱,6
啥,6
死亡,6
拥有,6
凶手,6
屁股,6
选手,6
投票,6
撒谎,6
武器,6
发誓,6
意识,6
线索,6
砸,6
失踪,6
真相,6
恐怖,6
性感,6
意味着,6
交易,6
恶心,6
舞蹈,6
副,6
事件,6
攻击,6
试图,6
淘汰,6
子弹,6
毒品,6
袭击,6
灵魂,6
爆炸,6
盯,6
愚蠢,6
跟踪,6
绑架,6
客户,6
将军,6
州,6
毫无,6
逮捕,6
成员,6
监视,6
警告,6
尝试,6
搭档,6
对付,6
荣幸,6
队伍,6
偶像,6
同志,6
军队,6
侦探,6
确保,6
耍,6
战斗,6
展示,6
进展,6
乐意,6
解雇,6
时光,6
无辜,6
搭,6
恐惧,6
惊讶,6
事业,6
不可思议,6
案件,6
档案,6
协议,6
抢劫,6
代价,6
背叛,6
天堂,6
释放,6
执行,6
报警,6
折磨,6
卷,6
艘,6
罪犯,6
刺,6
情报,6
暴力,6
事故,6
神经,6
牺牲,6
愤怒,6
婴儿,6
塔,6
信仰,6
魔鬼,6
孤独,6
惩罚,6
神奇,6
磅,6
承诺,6
间谍,6
确信,6
哼,6
尴尬,6
生物,6
能量,6
清醒,6
指望,6
感染,6
抛弃,6
揍,6
美妙,6
擅长,6
忍受,6
动手,6
清理,6
完毕,6
机构,6
即将,6
钻石,6
艰难,6
坦白,6
慈善,6
痕迹,6
区域,6
镜头,6
联盟,6
审判,6
基地,6
嫉妒,6
保姆,6
摇滚,6
打架,6
天赋,6
打击,6
类似,6
激情,6
注射,6
转移,6
保密,6
摆脱,6
助手,6
栋,6
迷人,6
开除,6
仪式,6
混乱,6
联络,6
癌症,6
剑,6
天才,6
发射,6
生存,6
结局,6
非法,6
人家,6
动机,6
欺骗,6
并非,6
人质,6
扮演,6
宇宙,6
剧本,6
证实,6
被告,6
扣,6
时机,6
辩护,6
起码,6
宁愿,6
隐瞒,6
社区,6
助理,6
渴望,6
溜,6
太空,6
毁灭,6
眼神,6
古怪,6
进攻,6
报复,6
拨,6
荒谬,6
卫星,6
期望,6
嘲笑,6
冒犯,6
娃娃,6
达成,6
夫妇,6
新娘,6
竞选,6
亲密,6
割,6
制服,6
直播,6
宗教,6
崩溃,6
乘,6
陷入,6
回报,6
试验,6
异常,6
疾病,6
展现,6
强迫,6
暗示,6
当事人,6
绝望,6
沮丧,6
灾难,6
正义,6
荣誉,6
技巧,6
中央,6
提议,6
即便,6
机密,6
忠诚,6
走廊,6
症状,6
当初,6
系列,6
保重,6
震惊,6
反抗,6
心灵,6
掩护,6
活力,6
天生,6
枚,6
不止,6
顾问,6
障碍,6
危机,6
保守,6
维持,6
主管,6
主义,6
罐,6
视频,6
治安,6
出卖,6
标记,6
昏迷,6
凌晨,6
侮辱,6
暴露,6
绅士,6
公民,6
残忍,6
造型,6
迹象,6
神圣,6
航空,6
仓库,6
码头,6
大不了,6
本人,6
补偿,6
冲动,6
演奏,6
对抗,6
城堡,6
按摩,6
本身,6
奴隶,6
熬,6
在意,6
拜访,6
奖励,6
引擎,6
膝盖,6
宰,6
贼,6
种族,6
舌头,6
消灭,6
乐趣,6
虐待,6
舔,6
薪水,6
理智,6
封锁,6
诉讼,6
基因,6
职位,6
可恶,6
扎,6
确切,6
支援,6
排练,6
评论,6
基金,6
投降,6
灵感,6
漫画,6
角落,6
预言,6
策略,6
领先,6
装备,6
流氓,6
声明,6
排除,6
成交,6
皇后,6
消防,6
吼,6
发动,6
集团,6
协助,6
动力,6
阴谋,6
性命,6
协会,6
喉咙,6
爆发,6
陷害,6
瞄准,6
荒唐,6
随意,6
策划,6
弥补,6
党,6
来源,6
判决,6
依靠,6
陷阱,6
公正,6
委托,6
犬,6
冲突,6
指示,6
化妆,6
卑鄙,6
端,6
人士,6
脆弱,6
侵犯,6
器官,6
崇拜,6
考验,6
欲望,6
魔术,6
除,6
实力,6
赌博,6
处境,6
晃,6
继承,6
染,6
企图,6
雇佣,6
隔离,6
无能为力,6
领袖,6
挣扎,6
丁,6
骚扰,6
难堪,6
许可,6
汇报,6
过度,6
包围,6
提示,6
肺,6
混合,6
明智,6
武装,6
指甲,6
透露,6
斗争,6
选举,6
足以,6
隐私,6
口音,6
旋转,6
穿越,6
回顾,6
扁,6
欢乐,6
抚养,6
环节,6
残酷,6
使命,6
场合,6
酒精,6
模型,6
评估,6
解除,6
通讯,6
给予,6
典型,6
伪造,6
掩盖,6
团结,6
趴,6
翘,6
诱惑,6
火箭,6
负担,6
轮胎,6
团体,6
倾向,6
统治,6
遭遇,6
嘴唇,6
边缘,6
复活,6
双胞胎,6
居民,6
蜡烛,6
情形,6
立场,6
意志,6
仁慈,6
隧道,6
导弹,6
无比,6
一向,6
本事,6
突破,6
指令,6
石油,6
撤退,6
悲惨,6
模式,6
忽略,6
风暴,6
外表,6
额外,6
干扰,6
牵,6
防守,6
欺负,6
挽救,6
脱离,6
酗酒,6
节奏,6
拼命,6
枕头,6
情节,6
操作,6
屏幕,6
吊,6
呵,6
过于,6
井,6
访问,6
慷慨,6
细胞,6
潜力,6
举动,6
鸽子,6
抗议,6
周年,6
政策,6
指责,6
哭泣,6
财富,6
侄子,6
良心,6
容忍,6
渣,6
清除,6
尊严,6
收音机,6
伴侣,6
遭受,6
肿瘤,6
气味,6
发布,6
预算,6
患者,6
滋味,6
手法,6
作弊,6
涉及,6
征服,6
报仇,6
浑身,6
布置,6
收藏,6
泄露,6
着迷,6
典礼,6
皆,6
抵抗,6
战术,6
局面,6
操纵,6
设置,6
奇妙,6
消除,6
代理,6
场面,6
纯粹,6
防止,6
窝,6
幢,6
超越,6
明明,6
原始,6
不惜,6
永恒,6
祖父,6
弱点,6
投诉,6
拽,6
高潮,6
服从,6
信念,6
火焰,6
贿赂,6
故障,6
签署,6
舱,6
打仗,6
创作,6
分散,6
咋,6
坟墓,6
降临,6
官方,6
棕色,6
推测,6
曲子,6
实施,6
贵族,6
敞开,6
陈述,6
边境,6
掩饰,6
维护,6
终点,6
野蛮,6
厌恶,6
漫长,6
责怪,6
赞助,6
正当,6
堕落,6
预料,6
合并,6
丢人,6
极端,6
年度,6
机械,6
拘留,6
刹车,6
裁判,6
巡逻,6
分裂,6
噪音,6
呕吐,6
定义,6
恐吓,6
清洁,6
折,6
羞耻,6
串,6
视线,6
帐篷,6
轨道,6
氧气,6
遗传,6
血压,6
十足,6
携带,6
守护,6
检验,6
误解,6
鉴于,6
例外,6
震撼,6
地步,6
打包,6
跳跃,6
保卫,6
掐,6
民主,6
撤销,6
妄想,6
事务,6
命名,6
防御,6
解放,6
司法,6
谣言,6
版本,6
报酬,6
动静,6
着想,6
丧失,6
人性,6
铺,6
粗鲁,6
辐射,6
带领,6
挪,6
迫不及待,6
潜水,6
光荣,6
挨,6
违背,6
瞬间,6
正经,6
遗产,6
圈套,6
看待,6
惊奇,6
人格,6
珍贵,6
思维,6
先进,6
真理,6
级别,6
竞赛,6
垫,6
引导,6
革命,6
岩石,6
嫌疑,6
迷惑,6
学位,6
干涉,6
交叉,6
元首,6
人间,6
本能,6
修复,6
认定,6
拳头,6
抵达,6
一流,6
悲哀,6
发觉,6
坑,6
居住,6
别墅,6
呈现,6
识别,6
和解,6
失误,6
元素,6
等候,6
贪婪,6
传达,6
镇定,6
捏,6
清晰,6
麻醉,6
细菌,6
仪器,6
无知,6
眼光,6
往常,6
亲热,6
放大,6
杰出,6
风趣,6
诞生,6
忠实,6
指定,6
以便,6
符号,6
鉴定,6
蹦,6
纤维,6
盗窃,6
推销,6
宣誓,6
终身,6
跪,6
需求,6
煎,6
捣乱,6
雷达,6
哄,6
福利,6
牵扯,6
循环,6
探索,6
驱逐,6
局势,6
财务,6
峡谷,6
运行,6
终止,6
模样,6
登陆,6
含义,6
频率,6
资助,6
拖延,6
以往,6
优先,6
争夺,6
挖掘,6
赋予,6
回避,6
妥协,6
警惕,6
精确,6
钞票,6
依赖,6
演绎,6
上瘾,6
气色,6
意图,6
坚定,6
倾听,6
电源,6
玩弄,6
新郎,6
吩咐,6
童话,6
保管,6
高尚,6
偏见,6
解散,6
焦点,6
无耻,6
仍旧,6
战略,6
封闭,6
首要,6
脉搏,6
走私,6
出路,6
动脉,6
掏,6
目睹,6
恶化,6
监督,6
阻碍,6
宪法,6
幼稚,6
歧视,6
极限,6
严厉,6
面子,6
激励,6
特定,6
港口,6
引用,6
曝光,6
扑,6
古董,6
纯洁,6
压抑,6
知觉,6
流浪,6
进化,6
发行,6
挽回,6
遥远,6
着手,6
途径,6
唠叨,6
炫耀,6
目光,6
摇摆,6
镇静,6
保障,6
名誉,6
处置,6
解剖,6
刑事,6
束,6
统计,6
腐烂,6
容器,6
生理,6
空白,6
打猎,6
捞,6
融化,6
跨,6
奉献,6
场所,6
祖国,6
要命,6
精心,6
固执,6
冷酷,6
床单,6
勉强,6
和谐,6
榜样,6
关照,6
纠正,6
条款,6
包装,6
损坏,6
中断,6
担保,6
液体,6
报答,6
英勇,6
番,6
粒,6
势力,6
认可,6
资产,6
占领,6
注视,6
销毁,6
饥饿,6
上级,6
财政,6
依旧,6
磕,6
差别,6
缺陷,6
憋,6
制止,6
言论,6
活该,6
恰当,6
部位,6
脂肪,6
埋葬,6
塌,6
华丽,6
磁带,6
占据,6
岗位,6
疤,6
前提,6
横,6
答复,6
大伙儿,6
光芒,6
揭露,6
粉色,6
近来,6
比方,6
屈服,6
膜,6
诈骗,6
是非,6
崭新,6
亦,6
履行,6
昂贵,6
彩票,6
回收,6
沉重,6
化验,6
家属,6
蚂蚁,6
僵硬,6
演习,6
束缚,6
平凡,6
全力以赴,6
忧郁,6
传单,6
瘫痪,6
黎明,6
顽固,6
免得,6
泼,6
贩卖,6
比喻,6
万分,6
协调,6
皇帝,6
缘故,6
跟随,6
罕见,6
安宁,6
为难,6
兑现,6
起初,6
当场,6
当面,6
毫米,6
腐败,6
油漆,6
往事,6
片刻,6
方位,6
分辨,6
恩怨,6
难得,6
溅,6
功劳,6
安置,6
信赖,6
原告,6
行政,6
嫌,6
跌,6
战役,6
权威,6
偿还,6
作风,6
殴打,6
罢工,6
智商,6
迈,6
兜,6
便利,6
强制,6
免疫,6
烹饪,6
澄清,6
扩散,6
依据,6
竭尽全力,6
预期,6
过失,6
拧,6
图案,6
后代,6
卡通,6
拿手,6
孔,6
规划,6
支撑,6
航行,6
淋,6
同胞,6
伴随,6
沼泽,6
折腾,6
案例,6
体面,6
祖先,6
导航,6
珍珠,6
恼火,6
探望,6
临床,6
迟钝,6
外界,6
颇,6
事态,6
准则,6
覆盖,6
初步,6
先前,6
示范,6
边界,6
挑剔,6
以免,6
飞翔,6
通缉,6
无赖,6
扰乱,6
搭配,6
统统,6
饮食,6
热门,6
审查,6
推翻,6
虚伪,6
谴责,6
测量,6
威力,6
敬礼,6
吹牛,6
辨认,6
特意,6
激发,6
成天,6
发财,6
压迫,6
姿态,6
奖赏,6
丸,6
金融,6
界限,6
品尝,6
可行,6
种子,6
雕塑,6
共和国,6
手势,6
隐蔽,6
充足,6
人工,6
产业,6
群众,6
口气,6
公关,6
散发,6
水泥,6
气质,6
任命,6
旋律,6
争议,6
琢磨,6
采集,6
品质,6
算数,6
俘虏,6
颠倒,6
现状,6
宫殿,6
等级,6
宽容,6
喇叭,6
莫名其妙,6
旗帜,6
期限,6
分歧,6
探测,6
智力,6
用户,6
当选,6
书面,6
反常,6
原先,6
遥控,6
砖,6
空虚,6
反感,6
光彩,6
颤抖,6
苍白,6
踪迹,6
否决,6
交代,6
忙碌,6
排斥,6
设想,6
终究,6
内在,6
延续,6
视力,6
忍耐,6
样品,6
棉花,6
实行,6
铜,6
啃,6
岁月,6
专长,6
灭亡,6
约束,6
值班,6
辩解,6
部署,6
合成,6
补救,6
记载,6
体系,6
供给,6
埋伏,6
教养,6
疲惫,6
温和,6
生效,6
不顾,6
抚摸,6
搏斗,6
标题,6
疑惑,6
耀眼,6
火药,6
拾,6
讨好,6
迷信,6
出身,6
灿烂,6
清晨,6
鼻涕,6
任意,6
野心,6
季度,6
瞪,6
理所当然,6
职务,6
挑衅,6
残留,6
视野,6
粉碎,6
动身,6
摊,6
公道,6
疏远,6
擅自,6
蔓延,6
废墟,6
敏锐,6
翼,6
辉煌,6
扒,6
密封,6
致力,6
轰动,6
审理,6
呼唤,6
眨,6
设立,6
延期,6
首饰,6
北极,6
弦,6
登录,6
蒸发,6
竖,6
盲目,6
冲击,6
畏惧,6
频繁,6
支配,6
时常,6
证书,6
克制,6
壮观,6
住宅,6
思念,6
归还,6
成本,6
捧,6
欣慰,6
削,6
条约,6
一贯,6
股份,6
丰满,6
侵略,6
更新,6
拐杖,6
玉,6
授予,6
推理,6
蛋白质,6
庞大,6
验证,6
储存,6
坡,6
潮流,6
不择手段,6
包袱,6
扛,6
徘徊,6
侧面,6
臂,6
备忘录,6
泡沫,6
摩擦,6
捍卫,6
层次,6
辅助,6
劈,6
戒备,6
严密,6
原理,6
预先,6
将近,6
创新,6
渠道,6
苏醒,6
奔驰,6
塑造,6
当前,6
消毒,6
快活,6
收益,6
况且,6
捕捉,6
瀑布,6
散布,6
偏偏,6
麻痹,6
锋利,6
笨拙,6
救济,6
得罪,6
让步,6
枝,6
隆重,6
机遇,6
高明,6
意料,6
扭转,6
洪水,6
诽谤,6
别扭,6
专利,6
声誉,6
区分,6
愈,6
拣,6
喜悦,6
机灵,6
音响,6
精致,6
抢救,6
把手,6
开支,6
残疾,6
迄今为止,6
消耗,6
股东,6
生育,6
发育,6
一如既往,6
风度,6
分解,6
疲倦,6
辜负,6
歹徒,6
斑,6
故乡,6
贫困,6
内幕,6
司令,6
反驳,6
反射,6
政权,6
缺席,6
迫害,6
锤,6
粥,6
描绘,6
平行,6
窜,6
诸位,6
干预,6
搂,6
鞠躬,6
惯例,6
照样,6
融洽,6
较量,6
做主,6
向导,6
熄灭,6
冻结,6
揉,6
裁缝,6
素食,6
淹没,6
公务,6
放射,6
合伙,6
考察,6
鄙视,6
光辉,6
伺候,6
要点,6
触犯,6
风光,6
打官司,6
屑,6
款待,6
捎,6
不妨,6
断绝,6
模范,6
构思,6
注重,6
呻吟,6
心血,6
孤立,6
失事,6
胜负,6
不堪,6
遵循,6
掠夺,6
刊登,6
气象,6
奢侈,6
延伸,6
殖民地,6
喘气,6
麻木,6
精通,6
溪,6
启示,6
步伐,6
手艺,6
挫折,6
遍布,6
动态,6
决策,6
疏忽,6
藐视,6
施展,6
饶恕,6
虚假,6
乞丐,6
连锁,6
贝壳,6
坠,6
想方设法,6
沸腾,6
草率,6
习俗,6
冒充,6
紧迫,6
衷心,6
下属,6
周边,6
纠纷,6
备份,6
充实,6
储备,6
观光,6
领土,6
渗透,6
领事馆,6
宣扬,6
颁发,6
妥当,6
起草,6
智能,6
向往,6
起源,6
经费,6
顾虑,6
施加,6
侥幸,6
美满,6
收缩,6
繁殖,6
大致,6
堵塞,6
圆满,6
钦佩,6
沐浴,6
货币,6
树立,6
维生素,6
便条,6
不得已,6
反馈,6
主导,6
表态,6
冷却,6
协商,6
大臣,6
皱纹,6
管辖,6
偏僻,6
山脉,6
笼罩,6
起伏,6
扩张,6
派遣,6
间接,6
坚固,6
崇高,6
调节,6
共鸣,6
债券,6
务必,6
持久,6
撇,6
众所周知,6
掰,6
攒,6
话筒,6
慎重,6
方圆,6
埋怨,6
重心,6
称号,6
调动,6
预兆,6
微不足道,6
追究,6
国防,6
筹备,6
选拔,6
配偶,6
联想,6
抵制,6
前景,6
行列,6
巷,6
示威,6
漂浮,6
计较,6
器材,6
寂静,6
恨不得,6
废除,6
闪烁,6
敏捷,6
四肢,6
制裁,6
丰盛,6
嗅觉,6
渺小,6
过滤,6
特长,6
加工,6
分泌,6
振奋,6
胡乱,6
腐蚀,6
瘸,6
流露,6
启程,6
倾斜,6
高峰,6
借助,6
相应,6
气概,6
遗失,6
混淆,6
机动,6
冤枉,6
事迹,6
承办,6
倒闭,6
书籍,6
礼节,6
之际,6
逼迫,6
富裕,6
表决,6
和蔼,6
平原,6
皮革,6
枯燥,6
惦记,6
盛,6
记性,6
正规,6
品种,6
衰老,6
公告,6
粉末,6
转达,6
平面,6
嚷,6
掀起,6
空洞,6
猛烈,6
关怀,6
心态,6
贬低,6
探讨,6
种植,6
支柱,6
爱戴,6
辫子,6
胸膛,6
国务院,6
胡须,6
商标,6
宽敞,6
无动于衷,6
体谅,6
民间,6
受罪,6
繁忙,6
根源,6
濒临,6
中立,6
健全,6
风味,6
见解,6
定期,6
凑合,6
熨,6
过渡,6
自主,6
开展,6
台风,6
急切,6
谅解,6
断定,6
徒弟,6
大肆,6
畅销,6
不时,6
款式,6
犹如,6
修建,6
肖像,6
照耀,6
储蓄,6
可口,6
平庸,6
懒惰,6
盘旋,6
橙,6
小心翼翼,6
默默,6
题材,6
糟蹋,6
弹性,6
文物,6
生锈,6
个体,6
陶醉,6
叼,6
庄稼,6
海滨,6
凡是,6
就职,6
赠送,6
轮廓,6
演变,6
二氧化碳,6
委员,6
烘,6
晋升,6
灵敏,6
分明,6
规范,6
创立,6
不禁,6
气压,6
境界,6
钩子,6
口头,6
恰巧,6
剧烈,6
任性,6
情理,6
严峻,6
驻扎,6
庄严,6
气势,6
不愧,6
反面,6
充当,6
蹬,6
呼吁,6
君子,6
卓越,6
含糊,6
辛勤,6
周期,6
领悟,6
坚硬,6
潇洒,6
资本,6
当代,6
公然,6
搁,6
筛选,6
过瘾,6
文凭,6
论坛,6
顽强,6
安详,6
丙,6
资深,6
实质,6
素质,6
上任,6
齐心协力,6
逢,6
寄托,6
高涨,6
高超,6
谜语,6
拥护,6
鉴别,6
名额,6
郑重,6
通用,6
仓促,6
蔑视,6
片断,6
著作,6
丑恶,6
采纳,6
采购,6
搅拌,6
桥梁,6
钙,6
践踏,6
密度,6
甭,6
机智,6
柔和,6
寻觅,6
人道,6
被动,6
大意,6
走漏,6
领会,6
恰到好处,6
推论,6
花瓣,6
配备,6
外行,6
颠簸,6
飞跃,6
调料,6
开阔,6
精华,6
支出,6
座右铭,6
土壤,6
阵地,6
留神,6
信誉,6
分量,6
标本,6
凝视,6
理睬,6
生态,6
哨,6
私自,6
对策,6
泄气,6
挥霍,6
形态,6
请教,6
黄昏,6
遗留,6
薄弱,6
全局,6
牢固,6
遭殃,6
精密,6
杂技,6
还原,6
以致,6
神仙,6
提拔,6
显著,6
瓦解,6
削弱,6
晾,6
一度,6
得力,6
人为,6
可观,6
裁员,6
波浪,6
数额,6
垂直,6
尖锐,6
请柬,6
结晶,6
告辞,6
悔恨,6
指南针,6
诚挚,6
陶瓷,6
局部,6
巢穴,6
未免,6
齐全,6
公式,6
胆怯,6
来历,6
雕刻,6
悬念,6
公认,6
阶层,6
搓,6
腐朽,6
寺庙,6
规章,6
内涵,6
补贴,6
源泉,6
总而言之,6
阻挠,6
间隔,6
告诫,6
交涉,6
慢性,6
保养,6
留恋,6
沉闷,6
课题,6
牲畜,6
歪曲,6
巴不得,6
沉思,6
半途而废,6
物资,6
立体,6
调解,6
档次,6
衰退,6
舆论,6
对应,6
变质,6
剥削,6
酝酿,6
争端,6
主流,6
株,6
航天,6
水龙头,6
编织,6
诬陷,6
愣,6
咀嚼,6
跟前,6
桨,6
无理取闹,6
趣味,6
截止,6
捆绑,6
报销,6
天然气,6
阻拦,6
容纳,6
容貌,6
弥漫,6
敷衍,6
考古,6
广阔,6
传授,6
名副其实,6
租赁,6
破例,6
生机,6
拘束,6
正宗,6
和睦,6
闲话,6
候选,6
连同,6
宗旨,6
上游,6
局限,6
响应,6
就业,6
窍门,6
晴朗,6
专程,6
口腔,6
开朗,6
抱负,6
凝固,6
干劲,6
停顿,6
日益,6
贪污,6
福气,6
缠绕,6
更正,6
传记,6
溶解,6
盈利,6
缓和,6
对称,6
从容,6
秃,6
叹气,6
力所能及,6
优越,6
独裁,6
沉着,6
惋惜,6
开采,6
暧昧,6
包庇,6
文雅,6
鲜明,6
条理,6
直径,6
滋润,6
心甘情愿,6
吝啬,6
昔日,6
成效,6
狭窄,6
性能,6
要素,6
一帆风顺,6
宏伟,6
无忧无虑,6
奔波,6
勇于,6
拼搏,6
向来,6
庄重,6
孕育,6
茫茫,6
绣,6
细致,6
事项,6
田野,6
陈旧,6
摧残,6
牢骚,6
运算,6
动员,6
凝聚,6
攀登,6
岳母,6
次序,6
流通,6
节制,6
尖端,6
批判,6
急躁,6
思索,6
体积,6
复兴,6
夕阳,6
缺口,6
谦逊,6
愚昧,6
才干,6
现成,6
发炎,6
屏障,6
乐谱,6
嫂子,6
率领,6
展望,6
无非,6
迁徙,6
惊动,6
茫然,6
压缩,6
滔滔不绝,6
曲折,6
迟疑,6
深沉,6
巩固,6
索取,6
示意,6
觉醒,6
方言,6
耗费,6
败坏,6
请帖,6
严禁,6
适宜,6
泛滥,6
阐述,6
培育,6
停滞,6
过问,6
权衡,6
划分,6
若干,6
炎热,6
表彰,6
焦急,6
打量,6
奥秘,6
应酬,6
响亮,6
转折,6
牵制,6
插座,6
当务之急,6
增添,6
对立,6
敬业,6
附属,6
自卑,6
毅力,6
盛开,6
背诵,6
汹涌,6
指标,6
腹泻,6
妥善,6
坚实,6
后勤,6
启事,6
庸俗,6
隔阂,6
譬如,6
周密,6
凶恶,6
重叠,6
面貌,6
深奥,6
雌雄,6
相差,6
铸造,6
优异,6
出息,6
枯萎,6
专题,6
急剧,6
投掷,6
摸索,6
固体,6
转让,6
伯母,6
致辞,6
田径,6
鼓动,6
排放,6
范畴,6
雪上加霜,6
解体,6
迁就,6
饲养,6
轮船,6
改良,6
勤劳,6
布局,6
舟,6
作废,6
腥,6
博览会,6
利害,6
果断,6
不像话,6
简陋,6
简化,6
提炼,6
反思,6
唯独,6
阵容,6
规格,6
空想,6
地质,6
方针,6
凄凉,6
号召,6
分红,6
狼狈,6
附件,6
发呆,6
干旱,6
荒凉,6
团圆,6
清澈,6
筐,6
致使,6
格式,6
投机,6
里程碑,6
嘈杂,6
无精打采,6
切实,6
化石,6
爽快,6
丰收,6
参照,6
颁布,6
幅度,6
压榨,6
迸发,6
配套,6
简要,6
逝世,6
整顿,6
修养,6
威风,6
开明,6
英明,6
抹杀,6
秤,6
总和,6
董事长,6
真挚,6
隐患,6
狭隘,6
垄断,6
本钱,6
功效,6
申报,6
亚军,6
勾结,6
摄氏度,6
治理,6
结算,6
动荡,6
主权,6
新陈代谢,6
柴油,6
岔,6
吃力,6
主办,6
虚荣,6
会晤,6
惹祸,6
无偿,6
媳妇,6
滞留,6
接连,6
充沛,6
参谋,6
畅通,6
唾弃,6
悬挂,6
坚韧,6
堆积,6
盛行,6
海拔,6
斯文,6
生疏,6
眯,6
意向,6
狠心,6
空隙,6
别致,6
创业,6
开拓,6
为期,6
自发,6
攻克,6
伤脑筋,6
派别,6
觉悟,6
端正,6
通货膨胀,6
对照,6
文献,6
崇敬,6
和气,6
处分,6
媒介,6
港湾,6
暂且,6
科目,6
点缀,6
冷落,6
苦涩,6
霸道,6
一丝不苟,6
赞叹,6
歌颂,6
嘱咐,6
杂交,6
耸,6
有条不紊,6
浸泡,6
迟缓,6
眼色,6
威信,6
栏目,6
慰问,6
一目了然,6
时事,6
倔强,6
自力更生,6
世代,6
灯笼,6
新颖,6
俯视,6
停泊,6
兴高采烈,6
周折,6
踏实,6
立足,6
朴素,6
物业,6
杠杆,6
开辟,6
家喻户晓,6
靠拢,6
淡水,6
丛,6
框架,6
确立,6
盛情,6
进而,6
冰雹,6
肆无忌惮,6
平坦,6
请示,6
狼吞虎咽,6
工艺品,6
疙瘩,6
埋没,6
时而,6
草案,6
品德,6
倘若,6
便于,6
赤字,6
随即,6
精简,6
散文,6
偏差,6
以至,6
雄伟,6
母语,6
举足轻重,6
装卸,6
通俗,6
衬托,6
考核,6
繁华,6
注释,6
大体,6
姑且,6
发扬,6
油腻,6
论证,6
灌溉,6
摘要,6
变故,6
天文,6
误差,6
反问,6
争气,6
隐约,6
调和,6
不相上下,6
伶俐,6
书法,6
萌芽,6
波涛,6
问世,6
加剧,6
追悼,6
寒暄,6
锦上添花,6
立方,6
上进,6
播种,6
千方百计,6
钻研,6
胸怀,6
拄,6
心疼,6
不屑一顾,6
陈列,6
赤道,6
无穷无尽,6
镶嵌,6
力求,6
巴结,6
刊物,6
着重,6
督促,6
湖泊,6
遏制,6
心得,6
椭圆,6
操劳,6
盖章,6
栽培,6
颈椎,6
章程,6
昼夜,6
迎面,6
不言而喻,6
名次,6
倡导,6
舒畅,6
神气,6
敌视,6
招收,6
吹捧,6
列举,6
佳肴,6
托运,6
渔民,6
诧异,6
变迁,6
导向,6
忌讳,6
公证,6
成心,6
亏待,6
制约,6
朴实,6
魄力,6
固然,6
顿时,6
吉祥,6
呼啸,6
涌现,6
索性,6
鞭策,6
相声,6
周转,6
茎,6
家常,6
讥笑,6
答辩,6
兴旺,6
壮丽,6
蔚蓝,6
借鉴,6
学说,6
慈祥,6
纵横,6
历来,6
截至,6
分寸,6
夹杂,6
反之,6
飘扬,6
壮烈,6
威望,6
旷课,6
纺织,6
文艺,6
贯彻,6
哺乳,6
恭敬,6
喧哗,6
启蒙,6
悬殊,6
蕴藏,6
俗话,6
畔,6
归根到底,6
拟定,6
搀,6
污蔑,6
棍棒,6
起哄,6
沿海,6
操练,6
梢,6
多元化,6
相等,6
寓言,6
留念,6
固有,6
严寒,6
批发,6
逆行,6
承包,6
贬义,6
挑拨,6
亏损,6
扎实,6
落成,6
斟酌,6
次品,6
地势,6
力争,6
书记,6
涂抹,6
自满,6
法人,6
合算,6
饱和,6
陡峭,6
谢绝,6
职能,6
舰艇,6
遮挡,6
洽谈,6
浓厚,6
衣裳,6
剪彩,6
荤,6
根深蒂固,6
及早,6
格局,6
哆嗦,6
花蕾,6
势必,6
挎,6
并列,6
茂盛,6
空前绝后,6
辽阔,6
兴隆,6
实惠,6
肥沃,6
检讨,6
再接再厉,6
无微不至,6
兢兢业业,6
零星,6
与日俱增,6
雄厚,6
弊端,6
怠慢,6
耐用,6
风气,6
爱不释手,6
志气,6
衔接,6
吞吞吐吐,6
热泪盈眶,6
美观,6
气魄,6
见义勇为,6
附和,6
短促,6
盛产,6
神态,6
取缔,6
屡次,6
称心如意,6
应邀,6
调剂,6
扩充,6
磨合,6
声势,6
效益,6
谋求,6
征收,6
落实,6
杜绝,6
馋,6
勘探,6
化肥,6
防治,6
完备,6
倡议,6
普及,6
磋商,6
实事求是,6
宁肯,6
层出不穷,6
东张西望,6
立交桥,6
聋哑,6
循序渐进,6
熏陶,6
吃苦,6
天伦之乐,6
就近,6
珍稀,6
缴纳,6
急功近利,6
作息,6
水利,6
争先恐后,6
验收,6
服气,6
盆地,6
贫乏,6
恍然大悟,6
耕地,6
丘陵,6
闭塞,6
矿产,6
审美,6
骨干,6
叮嘱,6
亭子,6
瞻仰,6
支流,6
物美价廉,6
奠定,6
一举两得,6
娇气,6
刹那,6
共计,6
沉淀,6
见多识广,6
园林,6
招标,6
后顾之忧,6
稿件,6
兴致勃勃,6
画蛇添足,6
不敢当,6
不由得,6
封建,6
砍伐,6
霞,6
稠密,6
挺拔,6
据悉,6
感慨,6
依托,6
贤惠,6
昌盛,6
日新月异,6
刻不容缓,6
聚精会神,6
得不偿失,6
把关,6
精打细算,6
逐年,6
布告,6
供不应求,6
欣欣向荣,6
炉灶,6
出神,6
优胜劣汰,6
比重,6
须知,6
废寝忘食,6
不免,6
凹凸,6
纲领,6
边疆,6
正月,6
振兴,6
乡镇,6
堤坝,6
朝代,6
历代,6
斩钉截铁,6
廉洁,6
气功,6
毅然,6
正气,6
辩证,6
宏观,6
锲而不舍,6
微观,6
清真,6
难能可贵,6
潜移默化,6
序言,6
淡季,6
外向,6
豪迈,6
不料,6
查获,6
省会,6
弊病,6
船舶,6
体裁,6
朝气蓬勃,6
见闻,6
任重道远,6
尚且,6
风土人情,6
礼尚往来,6
举世瞩目,6
苦尽甘来,6
鸦雀无声,6
川流不息,6
悬崖峭壁,6
混浊,6
压岁钱,6
籍贯,6
精益求精,6
稻谷,6
过奖,6
连年,6
南辕北辙,6
拜年,6
乌黑,6
公安局,6
季军,6
诞辰,6
知足常乐,6
急于求成,6
络绎不绝,6
津津有味,6
联欢,6
正负,6
泰斗,6
各抒己见,6
畜牧,6
馅儿,6
勉励,6
相辅相成,6
理直气壮,6
旗袍,6
生肖,6
侃侃而谈,6
沾光,6
博大精深,6
羽绒服,6
炊烟,6
纪要,6
得天独厚,6
递增,6
踊跃,6
勤俭,6
经纬,6
农历,6
恳切,6
温带,6
东道主,6
喜闻乐见,6
深情厚谊,6
端午节,6
对联,6
将就,6
饱经沧桑,6
华侨,6
飞禽走兽,6
武侠,6
丢三落四,6
儒家,6
元宵节,6
压制,6
啰唆,6
墨水儿,6
岂有此理,6
师范,6
心眼儿,6
执着,6
拔苗助长,6
涮火锅,6
烟花爆竹,6
玩意儿,6
简体字,6
繁体字,6
纳闷儿,6
纽扣儿,6
统筹兼顾,6