# TOCFL vocabulary list, levels 1-5
# Published on 2013-04-30
#
# Downloaded from: http://www.sc-top.org.tw/english/download.php
# Direct download link: http://www.sc-top.org.tw/download/8000zhuyin.rar
# Accessed on 2014-01-12
#
# Part of speech key (詞類標記表):
# Adv: Adverb, 副詞
# Conj: Conjunction, 連接詞
# Det: Determiner (依據平衡語料庫), 限定詞
# M: Measure, 量詞
# N: Noun, 名詞
# P: Particle, 助詞
# Post: Postposition (依據平衡語料庫), 後置詞
# Prep: Preposition, 介詞
# VA: Action verb, 動作動詞
# VS: State verb, 狀態動詞
#
# Column header:
# Word, Level, Part of speech, Category
名字,1,N,個人資料
姓,1,N/VA,個人資料
姓名,1,N,個人資料
生日,1,N,個人資料
來,1,P/Adv/N/VA,個人資料
公園,1,N,個人資料
住,1,VA,個人資料
國家,1,N,個人資料
中國,1,N,個人資料
台灣,1,N,個人資料
美國,1,N,個人資料
日本,1,N,個人資料
人,1,N,個人資料
城市,1,N,個人資料
街,1,N,個人資料
路,1,N,個人資料
號,1,M/VA,個人資料
號碼,1,N,個人資料
電話,1,N,個人資料
手機,1,N,個人資料
打電話,1,VA,個人資料
電子郵件,1,N,個人資料
結婚,1,VA,個人資料
年,1,M/N,個人資料
去年,1,N,個人資料
明年,1,N,個人資料
今年,1,N,個人資料
月,1,N,個人資料
日,1,N,個人資料
時候,1,N,個人資料
小時,1,N,個人資料
點,1,Adv/VA/M/N,個人資料
點鐘,1,M,個人資料
分,1,M/VA,個人資料
分鐘,1,N,個人資料
早上,1,N,個人資料
上午,1,N,個人資料
中午,1,N,個人資料
下午,1,N,個人資料
晚上,1,N,個人資料
星期,1,N,個人資料
星期天,1,N,個人資料
星期日,1,N,個人資料
週末,1,N,個人資料
周末,1,N,個人資料
天,1,M/N,個人資料
昨天,1,N,個人資料
今天,1,N,個人資料
明天,1,N,個人資料
現在,1,N,個人資料
夏天,1,N,個人資料
冬天,1,N,個人資料
秋天,1,N,個人資料
春天,1,N,個人資料
大家,1,N,個人資料
歲,1,M,個人資料
年輕,1,VS,個人資料
老,1,Adv/VS,個人資料
男,1,N,個人資料
男生,1,N,個人資料
女,1,N,個人資料
女生,1,N,個人資料
先生,1,N,個人資料
太太,1,N,個人資料
小姐,1,N,個人資料
小孩,1,N,個人資料
家,1,M/N,個人資料
家人,1,N,個人資料
爸爸,1,N,個人資料
媽媽,1,N,個人資料
孩子,1,N,個人資料
兒子,1,N,個人資料
女兒,1,N,個人資料
弟弟,1,N,個人資料
哥哥,1,N,個人資料
妹妹,1,N,個人資料
姊姊,1,N,個人資料
姐姐,1,N,個人資料
好,1,Adv/VS/Conj,個人資料
真,1,Adv/VS,個人資料
很,1,Adv,個人資料
太,1,Adv,個人資料
非常,1,Adv,個人資料
笑,1,VA,個人資料
高興,1,VS,個人資料
快樂,1,VS,個人資料
緊張,1,VS,個人資料
愛,1,VS/N,個人資料
喜歡,1,VS,個人資料
覺得,1,VS,個人資料
漂亮,1,VS,個人資料
好看,1,VS,個人資料
可愛,1,VS,個人資料
胖,1,VS,個人資料
高,1,VS,個人資料
矮,1,VS,個人資料
瘦,1,VS,個人資料
第,1,Det,個人資料
零,1,Det,個人資料
一,1,Det,個人資料
二,1,Det,個人資料
兩,1,Det,個人資料
三,1,Det,個人資料
四,1,Det,個人資料
五,1,Det,個人資料
六,1,Det,個人資料
七,1,Det,個人資料
八,1,Det,個人資料
九,1,Det,個人資料
十,1,Det,個人資料
百,1,Det,個人資料
千,1,Det,個人資料
萬,1,Det,個人資料
半,1,Det,個人資料
個,1,P/M,個人資料
我,1,N,個人資料
你,1,N,個人資料
妳,1,N,個人資料
您,1,N,個人資料
他,1,N,個人資料
她,1,N,個人資料
我們,1,N,個人資料
你們,1,N,個人資料
妳們,1,N,個人資料
他們,1,N,個人資料
她們,1,N,個人資料
在,1,Adv/Prep/VA,個人資料
從,1,Adv/Prep,個人資料
是,1,,個人資料
的,1,P,個人資料
誰,1,N,個人資料
醫院,1,N,工作
辦公室,1,N,工作
工廠,1,N,工作
工人,1,N,工作
老師,1,N,工作
醫生,1,N,工作
護士,1,N,工作
司機,1,N,工作
老闆,1,N,工作
老板,1,N,工作
同事,1,N,工作
公司,1,N,工作
買,1,VA,工作
賣,1,VA,工作
電腦,1,N,工作
工作,1,VA/N,工作
上班,1,VA,工作
準備,1,N/VA,工作
忙,1,VS,工作
學校,1,N,教育
小學,1,N,教育
中學,1,N,教育
大學,1,N,教育
年級,1,N,教育
學生,1,N,教育
上學,1,VA,教育
上課,1,VA,教育
下課,1,VS,教育
作業,1,N,教育
功課,1,N,教育
請假,1,VA,教育
考試,1,N/VA,教育
圖書館,1,N,教育
教室,1,N,教育
洗手間,1,N,教育
廁所,1,N,教育
餐廳,1,N,教育
飯館,1,N,教育
歷史,1,N,教育
數學,1,N,教育
語言,1,N,教育
科學,1,VS/N,教育
英文,1,N,教育
華語,1,N,教育
華文,1,N,教育
黑板,1,N,教育
筆,1,M/N,教育
紙,1,N,教育
課本,1,N,教育
本,1,Adv/M/Det,教育
字,1,N,教育
句子,1,N,教育
注意,1,VS,教育
寫,1,VA,教育
聽,1,VA,教育
讀,1,VA,教育
讀書,1,VA,教育
說,1,VA,教育
說話,1,VA,教育
學,1,VA,教育
學習,1,VA,教育
練習,1,N/VA,教育
問,1,VA,教育
問題,1,N,教育
為什麼,1,Adv,教育
回答,1,N/VA,教育
參加,1,VA,教育
知道,1,VS,教育
懂,1,VS,教育
能,1,Adv/VS,教育
會,1,VS/N,教育
可以,1,Adv/VS,教育
休息,1,VA,教育
有趣,1,VS,教育
決定,1,VA/N,教育
張,1,M/VA,教育
圖片,1,N,教育
畫,1,VA/N,教育
畫兒,1,N,教育
意思,1,N,教育
記得,1,VS,教育
一些,1,Det,教育
一點,1,Adv/Det,教育
一點兒,1,Adv/Det,教育
房子,1,N,房屋與家庭、環境
房間,1,N,房屋與家庭、環境
廚房,1,N,房屋與家庭、環境
客廳,1,N,房屋與家庭、環境
門,1,M/N,房屋與家庭、環境
窗,1,N,房屋與家庭、環境
窗戶,1,N,房屋與家庭、環境
樓,1,M,房屋與家庭、環境
樓上,1,N,房屋與家庭、環境
樓下,1,N,房屋與家庭、環境
電梯,1,N,房屋與家庭、環境
家具,1,N,房屋與家庭、環境
椅子,1,N,房屋與家庭、環境
桌,1,M/N,房屋與家庭、環境
桌子,1,N,房屋與家庭、環境
沙發,1,N,房屋與家庭、環境
床,1,M/N,房屋與家庭、環境
開,1,VS/VA,房屋與家庭、環境
關,1,VS/M/VA,房屋與家庭、環境
電視,1,N,房屋與家庭、環境
電視機,1,N,房屋與家庭、環境
冷氣,1,N,房屋與家庭、環境
冷氣機,1,N,房屋與家庭、環境
洗澡,1,VA,房屋與家庭、環境
安靜,1,VS,房屋與家庭、環境
不錯,1,VS,房屋與家庭、環境
河,1,N,房屋與家庭、環境
海,1,N,房屋與家庭、環境
海邊,1,N,房屋與家庭、環境
湖,1,N,房屋與家庭、環境
山,1,N,房屋與家庭、環境
樹,1,N,房屋與家庭、環境
花,1,VA/N,房屋與家庭、環境
花兒,1,N,房屋與家庭、環境
馬,1,N,房屋與家庭、環境
狗,1,N,房屋與家庭、環境
鳥,1,N,房屋與家庭、環境
貓,1,N,房屋與家庭、環境
雞,1,N,房屋與家庭、環境
魚,1,N,房屋與家庭、環境
魚兒,1,N,房屋與家庭、環境
太陽,1,N,房屋與家庭、環境
水,1,N,房屋與家庭、環境
天氣,1,N,房屋與家庭、環境
冷,1,VS,房屋與家庭、環境
熱,1,VS,房屋與家庭、環境
下雨,1,VA,房屋與家庭、環境
下雪,1,VA,房屋與家庭、環境
風,1,N,房屋與家庭、環境
穿,1,VA,日常生活
睡覺,1,VA,日常生活
起床,1,VA,日常生活
咖啡,1,N,日常生活
茶,1,N,日常生活
洗,1,VA,日常生活
方便,1,VS,日常生活
生活,1,VA/N,日常生活
用,1,Prep/VA,日常生活
新年,1,N,日常生活
開始,1,VS/N,閒暇時間、娛樂
運動,1,N/VA,閒暇時間、娛樂
游泳,1,VA,閒暇時間、娛樂
踢,1,VA,閒暇時間、娛樂
足球,1,N,閒暇時間、娛樂
打,1,Prep/M/VA,閒暇時間、娛樂
籃球,1,N,閒暇時間、娛樂
網球,1,N,閒暇時間、娛樂
棒球,1,N,閒暇時間、娛樂
比賽,1,N/VA,閒暇時間、娛樂
騎,1,VA,閒暇時間、娛樂
腳踏車,1,N,閒暇時間、娛樂
自行車,1,N,閒暇時間、娛樂
跑,1,VA,閒暇時間、娛樂
跑步,1,VA,閒暇時間、娛樂
走,1,VA,閒暇時間、娛樂
走路,1,VA,閒暇時間、娛樂
電影,1,N,閒暇時間、娛樂
電影院,1,N,閒暇時間、娛樂
票,1,M/N,閒暇時間、娛樂
音樂,1,N,閒暇時間、娛樂
表演,1,VA/N,閒暇時間、娛樂
看,1,/VA,閒暇時間、娛樂
上網,1,VA,閒暇時間、娛樂
以前,1,N,閒暇時間、娛樂
以後,1,N,閒暇時間、娛樂
等,1,Prep/N/VA,閒暇時間、娛樂
輸,1,VA,閒暇時間、娛樂
贏,1,VA,閒暇時間、娛樂
有時候,1,Adv,閒暇時間、娛樂
常常,1,Adv,閒暇時間、娛樂
久,1,VS,閒暇時間、娛樂
先,1,Adv,閒暇時間、娛樂
再,1,Adv,閒暇時間、娛樂
每,1,Adv/Det,閒暇時間、娛樂
次,1,M/Det,閒暇時間、娛樂
報紙,1,N,閒暇時間、娛樂
照片,1,N,閒暇時間、娛樂
書,1,N,閒暇時間、娛樂
唱歌,1,VA,閒暇時間、娛樂
唱歌兒,1,VA,閒暇時間、娛樂
玩,1,VA,閒暇時間、娛樂
玩兒,1,VA,閒暇時間、娛樂
朋友,1,N,與他人的關係
介紹,1,VA,與他人的關係
認識,1,VS,與他人的關係
謝謝,1,VS,與他人的關係
不客氣,1,,與他人的關係
對不起,1,/VS,與他人的關係
沒關係,1,VS,與他人的關係
再見,1,VA,與他人的關係
請問,1,,與他人的關係
怎麼樣,1,,與他人的關係
禮物,1,N,與他人的關係
歡迎,1,VS,與他人的關係
晚會,1,N,與他人的關係
做,1,VA,與他人的關係
信,1,VS/N,與他人的關係
信封,1,N,與他人的關係
寄,1,VA,與他人的關係
接,1,VS/VA,與他人的關係
郵局,1,N,與他人的關係
銀行,1,N,與他人的關係
警察,1,N,與他人的關係
壞,1,VS,與他人的關係
幫忙,1,VA,與他人的關係
換,1,VA,與他人的關係
東西,1,N,與他人的關係
叫,1,VS/VA,與他人的關係
找,1,VA,與他人的關係
什麼,1,Det,與他人的關係
甚麼,1,Det,與他人的關係
嗎,1,P,與他人的關係
呢,1,P,與他人的關係
喂,1,P,與他人的關係
吧,1,P,與他人的關係
計程車,1,N,旅行
地鐵,1,N,旅行
車站,1,N,旅行
火車,1,N,旅行
飛機,1,N,旅行
飛機場,1,N,旅行
機場,1,N,旅行
公共汽車,1,N,旅行
公車,1,N,旅行
車,1,N,旅行
車子,1,N,旅行
開車,1,VA,旅行
帶,1,VA,旅行
去,1,P/Adv/VA,旅行
出去,1,VA,旅行
進來,1,VA,旅行
回,1,M/VA,旅行
馬路,1,N,旅行
十字路口,1,N,旅行
中間,1,N,旅行
對面,1,N,旅行
附近,1,N,旅行
旁邊,1,N,旅行
後,1,Det/N,旅行
後面,1,N,旅行
前,1,Det/N,旅行
前面,1,N,旅行
左邊,1,N,旅行
右邊,1,N,旅行
外面,1,N,旅行
裡面,1,N,旅行
下,1,VA/M/N/Det,旅行
下面,1,N,旅行
上,1,VA/N/Det,旅行
上面,1,N,旅行
這,1,Det,旅行
那,1,Det/Conj,旅行
哪,1,P/Det,旅行
這裡,1,N,旅行
這兒,1,N,旅行
那裡,1,N,旅行
那兒,1,N,旅行
哪裡,1,N,旅行
哪兒,1,N,旅行
怎麼,1,Adv,旅行
旅行,1,N/VA,旅行
飯店,1,N,旅行
旅館,1,N,旅行
地方,1,N,旅行
參觀,1,VA,旅行
遠,1,VS,旅行
近,1,Adv/VS/Det,旅行
快,1,Adv/VS,旅行
慢,1,VS,旅行
站,1,N/VA,旅行
坐,1,VA,旅行
離,1,Prep/VA,旅行
往,1,Prep/VA,旅行
送,1,VA,旅行
地圖,1,N,旅行
過,1,P/Adv/VA,旅行
拿,1,Prep/VA,旅行
放,1,VA,旅行
到,1,Prep/Conj/VA,旅行
照相機,1,N,旅行
照相,1,VA,旅行
風景,1,N,旅行
眼睛,1,N,健康及身體照護
身體,1,N,健康及身體照護
頭,1,Det/N/M,健康及身體照護
頭髮,1,N,健康及身體照護
耳朵,1,N,健康及身體照護
手,1,N,健康及身體照護
手指,1,N,健康及身體照護
手指頭,1,N,健康及身體照護
肚子,1,N,健康及身體照護
累,1,VS,健康及身體照護
健康,1,VS/N,健康及身體照護
感冒,1,VS,健康及身體照護
生病,1,VS,健康及身體照護
受傷,1,VS,健康及身體照護
餓,1,VS,健康及身體照護
渴,1,VS,健康及身體照護
舒服,1,VS,健康及身體照護
藥,1,N,健康及身體照護
眼鏡,1,N,健康及身體照護
痛,1,VS,健康及身體照護
想,1,VA,購物
希望,1,VS/N,購物
便宜,1,VS/N,購物
貴,1,VS/Det,購物
容易,1,VS,購物
難,1,VS,購物
要,1,Adv/VA,購物
好吃,1,VS,購物
商店,1,N,購物
店,1,N,購物
市場,1,N,購物
重要,1,VS,購物
給,1,Prep/VA,購物
有,1,VA,購物
公斤,1,M,購物
顏色,1,N,購物
黃色,1,N,購物
白色,1,N,購物
衣服,1,N,購物
襪子,1,N,購物
褲子,1,N,購物
裙子,1,N,購物
鞋子,1,N,購物
雙,1,VS/M,購物
大,1,VS,購物
長,1,VS/VA,購物
小,1,VS,購物
短,1,VS,購物
新,1,VS,購物
錢,1,N,購物
元,1,M,購物
比,1,Prep/VA,購物
多少,1,Adv,購物
小心,1,VS,購物
一樣,1,VS/N,購物
牛奶,1,N,飲食
肉,1,N,飲食
蛋,1,N,飲食
菜,1,N,飲食
餃子,1,N,飲食
飯,1,N,飲食
麵,1,N,飲食
湯,1,N,飲食
包子,1,N,飲食
蛋糕,1,N,飲食
麵包,1,N,飲食
水果,1,N,飲食
蘋果,1,N,飲食
香蕉,1,N,飲食
食物,1,N,飲食
飲料,1,N,飲食
果汁,1,N,飲食
酒,1,N,飲食
杯,1,M,飲食
杯子,1,N,飲食
請,1,VA,飲食
吃,1,VA,飲食
喝,1,VA,飲食
多,1,Adv/VS,飲食
少,1,Adv/VS,飲食
甜,1,VS,飲食
菜單,1,N,飲食
巧克力,1,N,飲食
幾,1,Det,飲食
塊,1,M,飲食
碗,1,M/N,飲食
盤子,1,N,飲食
片,1,M,飲食
瓶,1,M,飲食
件,1,M,飲食
一半,1,Det,飲食
一半兒,1,Det,飲食
因為,1,Conj,其他
所以,1,Conj,其他
可是,1,Adv/Conj,其他
和,1,Prep/Conj,其他
跟,1,Prep/Conj/VA,其他
一起,1,Adv,其他
沒,1,P/Adv/VS,其他
不,1,Adv,其他
也,1,Adv,其他
都,1,Adv,其他
只,1,Adv/M,其他
得,1,P/Adv/VS,其他
了,1,P/VS,其他
著,1,P/VA,其他
還是,1,Adv/Conj,其他
可能,1,Adv/N,其他
一定,1,Adv/VS,其他
出生,2,VA,個人資料
國,2,N,個人資料
不同,2,VS,個人資料
地址,2,N,個人資料
市,2,N,個人資料
傳真,2,VA/N,個人資料
留言,2,VA,個人資料
日期,2,N,個人資料
時間,2,N,個人資料
鐘頭,2,N,個人資料
晚,2,VS/N,個人資料
夜,2,N,個人資料
禮拜,2,N,個人資料
禮拜天,2,N,個人資料
前天,2,N,個人資料
後天,2,VS/N,個人資料
從前,2,N,個人資料
夏,2,N,個人資料
冬,2,N,個人資料
秋,2,N,個人資料
春,2,N,個人資料
一會兒,2,N,個人資料
不久,2,N,個人資料
剛剛,2,Adv,個人資料
剛才,2,N,個人資料
當然,2,Adv,個人資料
自己,2,N,個人資料
別人,2,N,個人資料
年紀,2,N,個人資料
男人,2,N,個人資料
女人,2,N,個人資料
大人,2,N,個人資料
老人,2,N,個人資料
習慣,2,VS/N,個人資料
家庭,2,N,個人資料
父親,2,N,個人資料
母親,2,N,個人資料
父母,2,N,個人資料
爺爺,2,N,個人資料
奶奶,2,N,個人資料
關係,2,VS/N,個人資料
教堂,2,N,個人資料
最,2,Adv,個人資料
更,2,Adv,個人資料
愉快,2,VS,個人資料
開心,2,VS,個人資料
著急,2,VS,個人資料
擔心,2,VS,個人資料
生氣,2,VS/N,個人資料
怕,2,Adv/VS,個人資料
哭,2,VA,個人資料
難過,2,VS,個人資料
傷心,2,VS,個人資料
美,2,VS,個人資料
美麗,2,VS,個人資料
聰明,2,VS,個人資料
認真,2,VS,個人資料
勇敢,2,VS,個人資料
禮貌,2,VS/N,個人資料
害羞,2,VS,個人資料
應該,2,Adv/VS,個人資料
相信,2,VS,個人資料
經驗,2,VS/N,個人資料
關心,2,VS,個人資料
辛苦,2,VS,個人資料
願意,2,VS,個人資料
心情,2,N,個人資料
幸福,2,VS,個人資料
可憐,2,VS,個人資料
差,2,VS/N,個人資料
職業,2,N,工作
教師,2,N,工作
經理,2,N,工作
記者,2,N,工作
服務員,2,N,工作
服務生,2,N,工作
顧客,2,N,工作
教書,2,VA,工作
開會,2,VA,工作
下班,2,VA,工作
危險,2,VS,工作
安全,2,VS/N,工作
成功,2,VS,工作
報告,2,N/VA,工作
打算,2,N/VA,工作
機會,2,N,工作
當,2,Prep/Det/VA,工作
如果,2,Conj,工作
計畫,2,N/VA,工作
計劃,2,VA,工作
努力,2,VS/N,工作
管理,2,N/VA,工作
學院,2,N,教育
小學生,2,N,教育
大學生,2,N,教育
同學,2,N,教育
校長,2,N,教育
放假,2,VS,教育
畢業,2,VS,教育
開學,2,VS,教育
成績,2,N,教育
學期,2,N,教育
學費,2,N,教育
暑假,2,N,教育
寒假,2,N,教育
服務,2,N/VA,教育
宿舍,2,N,教育
操場,2,N,教育
校園,2,N,教育
中文,2,N,教育
文化,2,N,教育
語法,2,N,教育
漢語,2,N,教育
書法,2,N,教育
班,2,M/N,教育
書桌,2,N,教育
課,2,N,教育
字典,2,N,教育
漢字,2,N,教育
鉛筆,2,N,教育
尺,2,M/N,教育
毛筆,2,N,教育
教,2,VS/VA,教育
講,2,VA,教育
講話,2,VA,教育
告訴,2,VA,教育
念,2,VA,教育
唸,2,VA,教育
討論,2,VA,教育
認為,2,VA,教育
解釋,2,VA/N,教育
同意,2,VS,教育
了解,2,VS,教育
瞭解,2,VS,教育
清楚,2,VS,教育
無聊,2,VS,教育
遍,2,M,教育
交,2,VA,教育
借,2,VA,教育
算,2,VA,教育
對,2,Prep/VS/M/VA,教育
錯,2,VS/N,教育
辦法,2,N,教育
方法,2,N,教育
有用,2,VS,教育
進步,2,VS,教育
忘,2,VS,教育
記,2,VS/VA,教育
公寓,2,N,房屋與家庭、環境
大樓,2,N,房屋與家庭、環境
臥室,2,N,房屋與家庭、環境
花園,2,N,房屋與家庭、環境
門口,2,N,房屋與家庭、環境
浴室,2,N,房屋與家庭、環境
樓梯,2,N,房屋與家庭、環境
牆,2,N,房屋與家庭、環境
洗衣機,2,N,房屋與家庭、環境
冰箱,2,N,房屋與家庭、環境
燈,2,N,房屋與家庭、環境
打開,2,VA,房屋與家庭、環境
盒子,2,N,房屋與家庭、環境
鄰居,2,N,房屋與家庭、環境
熱鬧,2,VS,房屋與家庭、環境
吵,2,VS/VA,房屋與家庭、環境
滿意,2,VS,房屋與家庭、環境
乾淨,2,VS,房屋與家庭、環境
房租,2,N,房屋與家庭、環境
租,2,VA,房屋與家庭、環境
開水,2,N,房屋與家庭、環境
鄉下,2,N,房屋與家庭、環境
森林,2,N,房屋與家庭、環境
地,2,P/N,房屋與家庭、環境
草,2,N,房屋與家庭、環境
枝,2,M,房屋與家庭、環境
隻,2,M,房屋與家庭、環境
動物,2,N,房屋與家庭、環境
牛,2,N,房屋與家庭、環境
虎,2,N,房屋與家庭、環境
羊,2,N,房屋與家庭、環境
豬,2,N,房屋與家庭、環境
月亮,2,N,房屋與家庭、環境
星星,2,N,房屋與家庭、環境
雲,2,N,房屋與家庭、環境
地球,2,N,房屋與家庭、環境
世界,2,N,房屋與家庭、環境
環境,2,N,房屋與家庭、環境
火,2,N,房屋與家庭、環境
晴天,2,N,房屋與家庭、環境
暖和,2,VS,房屋與家庭、環境
涼快,2,VS,房屋與家庭、環境
溫暖,2,VS,房屋與家庭、環境
度,2,M/VA,房屋與家庭、環境
溫度,2,N,房屋與家庭、環境
雨,2,N,房屋與家庭、環境
雪,2,N,房屋與家庭、環境
空氣,2,N,房屋與家庭、環境
間,2,M/N,房屋與家庭、環境
睡,2,VA,日常生活
發生,2,VS,日常生活
發現,2,N/VA,日常生活
照顧,2,VA,日常生活
打掃,2,VA,日常生活
餐,2,M/N,日常生活
起來,2,3/VA,日常生活
搬,2,VA,日常生活
掛,2,VA,日常生活
有空,2,VS,日常生活
有空兒,2,VS,日常生活
過年,2,VA,日常生活
結束,2,VS,閒暇時間、娛樂
完,2,VS,閒暇時間、娛樂
散步,2,VA,閒暇時間、娛樂
爬,2,VA,閒暇時間、娛樂
跳,2,VA,閒暇時間、娛樂
座位,2,N,閒暇時間、娛樂
博物館,2,N,閒暇時間、娛樂
節目,2,N,閒暇時間、娛樂
新聞,2,N,閒暇時間、娛樂
政治,2,N,閒暇時間、娛樂
體育,2,N,閒暇時間、娛樂
網站,2,N,閒暇時間、娛樂
還,2,Adv/VA,閒暇時間、娛樂
經常,2,Adv,閒暇時間、娛樂
平常,2,VS/N,閒暇時間、娛樂
總是,2,Adv,閒暇時間、娛樂
已經,2,Adv,閒暇時間、娛樂
各,2,Adv/Det,閒暇時間、娛樂
雜誌,2,N,閒暇時間、娛樂
文章,2,N,閒暇時間、娛樂
故事,2,N,閒暇時間、娛樂
小說,2,N,閒暇時間、娛樂
美術,2,N,閒暇時間、娛樂
藝術,2,N,閒暇時間、娛樂
興趣,2,N,閒暇時間、娛樂
收,2,VA,閒暇時間、娛樂
談,2,VA,閒暇時間、娛樂
聊天,2,VA,閒暇時間、娛樂
聊天兒,2,VA,閒暇時間、娛樂
唱,2,VA,閒暇時間、娛樂
歌,2,N,閒暇時間、娛樂
早,2,Adv/VS,閒暇時間、娛樂
遲到,2,VS,閒暇時間、娛樂
後來,2,N,閒暇時間、娛樂
變,2,VS/VA,閒暇時間、娛樂
跳舞,2,VA,閒暇時間、娛樂
樂器,2,N,閒暇時間、娛樂
吉他,2,N,閒暇時間、娛樂
鋼琴,2,N,閒暇時間、娛樂
可怕,2,VS,閒暇時間、娛樂
活動,2,VA/N,閒暇時間、娛樂
就,2,Adv/Prep/VS,閒暇時間、娛樂
消息,2,N,閒暇時間、娛樂
才,2,Adv,閒暇時間、娛樂
又,2,Adv,閒暇時間、娛樂
客人,2,N,與他人的關係
不好意思,2,,與他人的關係
怎麼了,2,,與他人的關係
怎麼辦,2,,與他人的關係
客氣,2,VS,與他人的關係
舞會,2,N,與他人的關係
最近,2,Adv/N,與他人的關係
請客,2,VA,與他人的關係
慶祝,2,VA,與他人的關係
聽說,2,VA,與他人的關係
感謝,2,VS,與他人的關係
見面,2,VA,與他人的關係
約,2,Adv/VA,與他人的關係
事,2,N,與他人的關係
事情,2,N,與他人的關係
明信片,2,N,與他人的關係
卡片,2,N,與他人的關係
幫,2,M/VA,與他人的關係
弄,2,VA,與他人的關係
檢查,2,VA,與他人的關係
通知,2,N/VA,與他人的關係
麻煩,2,VS/N,與他人的關係
偷,2,Adv/VA,與他人的關係
錢包,2,N,與他人的關係
拉,2,VA,與他人的關係
小偷,2,N,與他人的關係
滿,2,Adv/VS/Det,與他人的關係
丟,2,VS/VA,與他人的關係
啊,2,P,與他人的關係
汽車,2,N,與他人的關係
輛,2,M,與他人的關係
船,2,N,與他人的關係
船兒,2,N,與他人的關係
停車場,2,N,與他人的關係
搭,2,VA,與他人的關係
起飛,2,VA,與他人的關係
出,2,VS/VA,與他人的關係
出來,2,VA,與他人的關係
進,2,VA,與他人的關係
進去,2,VA,與他人的關係
回去,2,VA,與他人的關係
路口,2,N,與他人的關係
紅綠燈,2,N,與他人的關係
橋,2,N,與他人的關係
左,2,N,與他人的關係
右,2,N,與他人的關係
外,2,N,與他人的關係
裡,2,N,與他人的關係
這邊,2,N,與他人的關係
這些,2,Det,與他人的關係
那些,2,Det,與他人的關係
那邊,2,N,與他人的關係
旅遊,2,N/VA,與他人的關係
動物園,2,N,與他人的關係
出發,2,VA,與他人的關係
離開,2,VA,與他人的關係
向,2,Adv/Prep,與他人的關係
南,2,N,與他人的關係
南部,2,N,與他人的關係
南邊,2,N,與他人的關係
西,2,N,與他人的關係
西部,2,N,與他人的關係
西邊,2,N,與他人的關係
北,2,N,與他人的關係
北部,2,N,與他人的關係
北邊,2,N,與他人的關係
東,2,N,與他人的關係
東部,2,N,與他人的關係
東邊,2,N,與他人的關係
經過,2,Prep/N/VA,與他人的關係
轉,2,VS/VA,與他人的關係
掉,2,VS,與他人的關係
一直,2,Adv,與他人的關係
過去,2,N/VA,與他人的關係
最後,2,N,與他人的關係
動,2,VA,與他人的關係
躺,2,VA,與他人的關係
起,2,3/VS/N/VA/M,與他人的關係
停,2,VS,與他人的關係
中心,2,N,與他人的關係
外國,2,N,與他人的關係
護照,2,N,與他人的關係
行李,2,N,與他人的關係
出口,2,N/VA,與他人的關係
油,2,VS/N,與他人的關係
鑰匙,2,N,與他人的關係
袋子,2,N,與他人的關係
公里,2,M,與他人的關係
方向,2,N,與他人的關係
出現,2,VS,與他人的關係
交通,2,N,與他人的關係
臉,2,N,健康及身體照護
腿,2,N,健康及身體照護
腳,2,N,健康及身體照護
心,2,N,健康及身體照護
鼻,2,N,健康及身體照護
鼻子,2,N,健康及身體照護
背,2,N,健康及身體照護
嘴巴,2,N,健康及身體照護
脖子,2,N,健康及身體照護
感覺,2,VS/N,健康及身體照護
救護車,2,N,健康及身體照護
咳嗽,2,VA,健康及身體照護
發燒,2,VS,健康及身體照護
疼,2,VS,健康及身體照護
保險,2,VS/N,健康及身體照護
病,2,VS/N,健康及身體照護
看病,2,VA,健康及身體照護
病人,2,N,健康及身體照護
掛號,2,VA,健康及身體照護
牙刷,2,N,健康及身體照護
剪,2,VA,健康及身體照護
藥房,2,N,健康及身體照護
恢復,2,VS,健康及身體照護
救命,2,VA,健康及身體照護
影響,2,VA/N,健康及身體照護
飽,2,VS,購物
吃飽,2,VS,購物
簡單,2,VS,購物
書店,2,N,購物
超級市場,2,N,購物
超市,2,N,購物
戴,2,VA,購物
試,2,VA,購物
輕,2,VS,購物
重,2,Adv/VS,購物
流行,2,VS,購物
藍色,2,N,購物
綠色,2,N,購物
紅色,2,N,購物
黑色,2,N,購物
手錶,2,N,購物
錶,2,N,購物
付,2,M/VA,購物
襯衫,2,N,購物
毛衣,2,N,購物
大衣,2,N,購物
牛仔褲,2,N,購物
雨衣,2,N,購物
內衣,2,N,購物
帽子,2,N,購物
皮包,2,N,購物
外套,2,N,購物
乾,2,VS,購物
舊,2,VS,購物
價格,2,N,購物
價錢,2,N,購物
排隊,2,VA,購物
信用卡,2,N,購物
毛,2,M/N,購物
比較,2,Adv/N/VA,購物
樣子,2,N,購物
特別,2,Adv/VS,購物
一般,2,VS,購物
圓,2,VS/N,購物
光,2,Adv/VS,購物
看見,2,VA,購物
其他,2,Det,購物
聲音,2,N,購物
大聲,2,VS,購物
好像,2,Adv,購物
像,2,VA,購物
奇怪,2,VS,購物
死,2,Adv/VS,購物
髒,2,VS,購物
差不多,2,VS,購物
一共,2,Adv,購物
需要,2,VS/N,購物
牛排,2,N,飲食
米,2,N,飲食
三明治,2,N,飲食
西瓜,2,N,飲食
啤酒,2,N,飲食
紅茶,2,N,飲食
點菜,2,VA,飲食
包,2,M/VA,飲食
酸,2,VS,飲食
苦,2,VS,飲食
鹹,2,VS,飲食
辣,2,VS,飲食
點心,2,N,飲食
冰淇淋,2,N,飲食
餅乾,2,N,飲食
漢堡,2,N,飲食
青菜,2,N,飲食
鹽,2,N,飲食
糖,2,N,飲食
煮,2,VA,飲食
盤,2,M,飲食
條,2,M,飲食
位,2,M,飲食
種,2,M/VA,飲食
口,2,M/N,飲食
夠,2,Adv/VS,飲食
任何,2,Det,飲食
味道,2,N,飲食
香,2,VS,飲食
全部,2,Det,飲食
所有,2,Det,飲食
許多,2,Adv/Det,飲食
新鮮,2,VS,飲食
烤,2,VA,飲食
嚐,2,VA,飲食
裝,2,VA,飲食
刀,2,M/N,飲食
刀子,2,N,飲食
叉,2,N,飲食
叉子,2,N,飲食
湯匙,2,N,飲食
筷子,2,N,飲食
沒有,2,P,其他
別,2,Adv/VA,其他
不用,2,Adv,其他
不但,2,Conj,其他
只好,2,Adv,其他
正在,2,Adv,其他
馬上,2,Adv,其他
把,2,Prep/M,其他
被,2,Prep,其他
讓,2,Prep/VS/VA,其他
或,2,Conj,其他
或是,2,Conj,其他
然後,2,Adv,其他
但是,2,Conj,其他
而且,2,Conj,其他
雖然,2,Conj,其他
原來,2,Adv/VS,其他
也許,2,Adv,其他
為了,2,Prep,其他
必須,2,Adv/VS,其他
永遠,2,Adv,其他
邊,2,N,其他
邊兒,2,N,其他
那麼,2,Adv/Conj,其他
這麼,2,Adv,其他
本來,2,Adv/VS,其他
要是,2,Conj,其他
阿姨,3,N,
哎,3,P,
唉,3,P,
愛情,3,N,
愛惜,3,VS,
愛心,3,N,
安定,3,VS,
安排,3,VA/N,
安心,3,VS,
按,3,Prep/VA,
按照,3,Prep,
巴士,3,N,
把握,3,N/VA,
白,3,Adv/VS,
白白,3,Adv,
白菜,3,N,
白天,3,N,
擺,3,VA,
百貨公司,3,N,
班機,3,N,
搬家,3,VA,
辦,3,VA,
辦理,3,VA,
半天,3,N,
半夜,3,N,
幫助,3,VA,
榜樣,3,N,
棒,3,VS/M,
包含,3,VS,
寶貝,3,VS/N,
寶貴,3,VS,
保護,3,VA,
保守,3,VS,
保養,3,VA,
保證,3,VA/N,
保証,3,VA/N,
抱,3,VS/VA,
抱怨,3,VA,
報名,3,VA,
背包,3,N,
北方,3,N,
被動,3,VS,
背後,3,N,
背景,3,N,
輩子,3,N,
本人,3,N,
本子,3,N,
笨,3,VS,
逼,3,VA,
比如,3,Prep,
比如說,3,Prep,
畢竟,3,Adv,
避免,3,VA,
必要,3,VS/N,
鞭炮,3,N,
變成,3,VA,
變更,3,VA,
變化,3,VS/N,
便條,3,N,
標準,3,VS/N,
表,3,N,
表達,3,VA,
表面,3,N,
表示,3,VA,
表現,3,VA/N,
別的,3,Det,
冰,3,VS/N,
冰塊,3,N,
冰塊兒,3,N,
餅,3,N,
伯伯,3,N,
博士,3,N,
播,3,VA,
不必,3,Adv,
不斷,3,Adv/VS,
不過,3,Adv/Conj,
不見,3,VS,
不論,3,Conj,
不幸,3,VS,
不用說,3,Conj,
不得不,3,Adv,
不得了,3,VS,
不管,3,Conj,
不滿,3,VS,
不如,3,VS/Conj,
不少,3,VS/Det,
不足,3,VS,
部,3,M,
部分,3,Det/N,
部份,3,Det/N,
部門,3,N,
布,3,N,
布置,3,VA,
佈置,3,VA,
擦,3,VA,
猜,3,VA,
材料,3,N,
採用,3,VA,
餐桌,3,N,
參考,3,VA,
草地,3,N,
草原,3,N,
層,3,M,
曾,3,Adv,
曾經,3,Adv,
差別,3,N,
差異,3,N,
查,3,VA,
差點,3,Adv,
差一點,3,Adv,
差點兒,3,Adv,
差一點兒,3,Adv,
產品,3,N,
產生,3,VS,
常,3,Adv,
嘗試,3,N/VA,
嚐試,3,N/VA,
場,3,M,
超過,3,VS,
超級,3,VS,
炒,3,VA,
吵架,3,VA,
車禍,3,N,
趁,3,Prep,
成,3,VS/M/VA,
成果,3,N,
成就,3,VA/N,
成熟,3,VS,
成長,3,VS/N,
程度,3,N,
承認,3,VA,
誠實,3,VS,
吃喝玩樂,3,VA,
充實,3,VS,
重新,3,Adv,
蟲,3,N,
蟲子,3,N,
抽,3,VA,
醜,3,VS,
臭,3,VS,
初,3,Adv/N,
出版,3,VA,
出差,3,VA,
出門,3,VA,
出租,3,VA,
除了,3,Prep,
除夕,3,N,
廚師,3,N,
處理,3,VA,
傳統,3,VS/N,
串,3,M,
創造,3,VA,
吹,3,VA,
春節,3,N,
詞,3,N,
此,3,Det,
刺激,3,VS/VA/N,
從不,3,Adv,
從來,3,Adv,
從小,3,Adv,
醋,3,N,
存,3,VA,
存在,3,VA,
寸,3,M,
錯誤,3,N,
挫折,3,N,
答應,3,VA,
達成,3,VA,
打工,3,VA,
打架,3,VA,
打聽,3,VA,
打仗,3,VA,
打折,3,VA,
大大,3,VS,
大多數,3,Det,
大方,3,VS,
大概,3,Adv,
大會,3,N,
大陸,3,N,
大門,3,N,
大小,3,N,
大約,3,Adv,
袋,3,M,
代表,3,VS/VA/N,
代替,3,VA,
帶來,3,VA,
帶領,3,VA,
單純,3,VS,
單身,3,VS,
擔任,3,VA,
但,3,Adv/Conj,
淡,3,VS,
當場,3,Adv,
當地,3,N,
當面,3,Adv,
當年,3,N,
當天,3,N,
當中,3,N,
當作,3,VA,
當做,3,VA,
倒,3,Adv/VA,
島,3,N,
導演,3,VA/N,
到處,3,Adv,
到底,3,Adv/VS,
道德,3,N,
道教,3,N,
道理,3,N,
道歉,3,VA,
倒是,3,Adv,
得到,3,VS,
得意,3,VS,
得很,3,Adv,
的話,3,Conj,
燈光,3,N,
等等,3,N,
等待,3,VS,
低,3,VS,
敵人,3,N,
底,3,N,
底下,3,N,
抵達,3,VA,
地板,3,N,
地帶,3,N,
地點,3,N,
地理,3,N,
地區,3,N,
地攤,3,N,
地位,3,N,
地下,3,VS/N,
地形,3,N,
點兒,3,Adv,
電,3,N,
電車,3,N,
電池,3,N,
電燈,3,N,
店員,3,N,
調查,3,N/VA,
訂,3,VA,
東北,3,N,
東方,3,N,
東南,3,N,
懂事,3,VS,
逗,3,VA,
豆腐,3,N,
豆漿,3,N,
都市,3,N,
毒品,3,N,
獨特,3,VS,
讀者,3,N,
段,3,M,
堆,3,M/VA,
對方,3,N,
對話,3,N,
對了,3,VS,
對象,3,N,
多多少少,3,Adv,
多麼,3,Adv,
朵,3,M,
頓,3,Adv/M/VA,
嗯,3,P,
而,3,Conj,
兒童,3,N,
發,3,VS/M/VA,
發表,3,VA,
發財,3,VS,
發出,3,VA,
發達,3,VS,
發揮,3,VS,
發覺,3,VS,
發明,3,VA/N,
發脾氣,3,VA,
發票,3,N,
法律,3,N,
翻,3,VA,
翻譯,3,VA,
煩惱,3,VS/N,
反而,3,Conj,
反應,3,VA/N,
犯,3,VA,
範圍,3,N,
方面,3,N,
方式,3,N,
房東,3,N,
房客,3,N,
房屋,3,N,
訪問,3,VA,
放心,3,VS,
非,3,Adv/VA,
飛,3,VA,
費用,3,N,
分開,3,VS,
份,3,M/N,
封,3,M/VA,
豐富,3,VS,
風格,3,N,
風俗,3,N,
佛教,3,N,
否則,3,Conj,
夫婦,3,N,
符合,3,VS,
福利,3,N,
服裝,3,N,
腐敗,3,VS,
付出,3,VA,
負擔,3,VA/N,
負責,3,VS,
複習,3,VA,
該,3,Adv/VS/Det,
改,3,VA,
改變,3,VA/N,
改進,3,VA,
改善,3,VA,
改天,3,Adv,
蓋,3,N/VA,
概念,3,N,
敢,3,VS,
趕,3,VS/VA,
趕快,3,Adv,
趕上,3,VA,
感動,3,VS,
感想,3,N,
感興趣,3,VS,
剛,3,Adv,
高速,3,VS,
高中,3,N,
搞,3,VA,
歌曲,3,N,
歌星,3,N,
隔壁,3,N,
革命,3,N/VA,
個人,3,N,
個子,3,N,
各式各樣,3,VS,
各位,3,N,
根,3,M/N,
根據,3,Prep/N,
更加,3,Adv,
公尺,3,M,
公分,3,M,
公共,3,VS,
公克,3,M,
公路,3,N,
功夫,3,N,
功能,3,N,
工具,3,N,
工業,3,N,
恭喜,3,VS,
共,3,Adv/VS,
共同,3,Adv/VS,
貢獻,3,VA/N,
溝通,3,VA,
購買,3,VA,
姑娘,3,N,
古,3,VS,
古代,3,N,
古蹟,3,N,
古老,3,VS,
顧,3,VS,
故意,3,VS,
刮,3,VA,
乖,3,VS,
怪,3,Adv/VS,
觀察,3,VA,
觀點,3,N,
觀念,3,N,
觀眾,3,N,
管,3,VA,
罐,3,M,
廣播,3,VA/N,
廣場,3,N,
廣告,3,VA/N,
逛,3,VA,
逛街,3,VA,
規矩,3,VS/N,
規模,3,N,
鬼,3,N,
貴姓,3,VS,
櫃子,3,N,
國內,3,N,
國外,3,N,
國王,3,N,
國語,3,N,
過日子,3,VA,
嗨,3,P,
還好,3,Adv,
還要,3,Adv,
海報,3,N,
海灘,3,N,
海洋,3,N,
害,3,VA,
害怕,3,VS,
行,3,VS/M,
航空,3,N,
好處,3,N,
好好,3,Adv,
好好兒,3,Adv,
好幾,3,Det,
好了,3,P,
好些,3,Det,
盒,3,M,
合,3,VS/VA,
合唱,3,VA,
合作,3,VS,
黑,3,VS,
恨,3,VS/N,
恨不得,3,VS,
紅,3,VS,
紅包,3,N,
紅豆,3,N,
厚,3,VS,
忽然,3,Adv,
糊塗,3,VS,
互相,3,Adv,
花心,3,VS,
滑雪,3,VA,
畫家,3,N,
話說回來,3,Conj,
話題,3,N,
化妝品,3,N,
壞處,3,N,
環保,3,N,
黃,3,VS,
回想,3,VA,
會場,3,N,
會話,3,N,
會議,3,N,
婚禮,3,N,
婚姻,3,N,
混亂,3,VS,
活,3,VS/N,
或許,3,Adv,
基本,3,VS/N,
基礎,3,N,
基督教,3,N,
激動,3,VS,
激烈,3,VS,
積極,3,VS,
機器,3,N,
及,3,Conj,
急,3,VS,
極,3,Adv,
極了,3,Adv,
擠,3,VS/VA,
既,3,Conj,
記錄,3,N/VA,
記憶,3,VA/N,
季節,3,N,
紀念,3,VS/N,
技巧,3,N,
繼續,3,VA,
加,3,VA,
加強,3,VA,
加入,3,VA,
加上,3,Conj/VA,
加油,3,VA,
家鄉,3,N,
家長,3,N,
假,3,Prep/VS,
假如,3,Conj,
假裝,3,VA,
架,3,N/M/VA,
假日,3,N,
價值,3,VS/N,
肩膀,3,N,
堅持,3,VS,
堅強,3,VS,
減,3,VS,
減輕,3,VS,
減少,3,VS,
簡直,3,Adv,
見,3,VA,
建立,3,VA,
建設,3,VA/N,
建議,3,VA/N,
將來,3,N,
講價,3,VA,
講究,3,VS,
獎學金,3,N,
降低,3,VS,
醬油,3,N,
交流,3,VS,
交友,3,VA,
驕傲,3,VS,
郊區,3,N,
角度,3,N,
角色,3,N,
較,3,Adv/Prep,
教材,3,N,
教導,3,VA,
教法,3,N,
教練,3,N,
教授,3,VA/N,
教訓,3,VA/N,
教育,3,VA/N,
接觸,3,VA,
接受,3,VA,
接著,3,Adv,
結,3,N/VA,
結果,3,VA/Conj/N,
結局,3,N,
節,3,M,
節日,3,N,
解決,3,VA,
姊妹,3,N,
斤,3,M,
金,3,N,
金子,3,N,
緊,3,VS,
僅,3,Adv,
儘管,3,Adv/Conj,
盡,3,VS,
進行,3,VA,
進一步,3,Adv,
經,3,VA,
經費,3,N,
精神,3,N,
驚訝,3,VS,
酒吧,3,N,
救,3,VA,
舅舅,3,N,
舅媽,3,N,
就是,3,Adv/Conj,
就算,3,Conj,
就要,3,Adv,
居住,3,VA,
橘子,3,N,
舉,3,VA,
舉辦,3,VA,
舉手,3,VA,
舉行,3,VA,
句,3,M,
聚,3,VA,
劇本,3,N,
劇情,3,N,
拒絕,3,VA,
距離,3,Prep/N,
具有,3,VS,
絕對,3,Adv/VS,
軍隊,3,N,
軍人,3,N,
卡車,3,N,
開放,3,VS/VA,
開花,3,VS,
開朗,3,VS,
開玩笑,3,VA,
看不起,3,VS,
看法,3,N,
看起來,3,Adv,
考,3,VA,
棵,3,M,
刻,3,M/VA,
科,3,M,
科技,3,N,
可,3,Adv/VS,
可靠,3,VS,
可樂,3,N,
可惡,3,VS,
可惜,3,VS,
渴望,3,VS,
克,3,M,
克服,3,VS,
課程,3,N,
課堂,3,N,
課文,3,N,
客滿,3,VS,
肯,3,VS,
肯定,3,VS,
空,3,Adv/VS/N,
空間,3,N,
空軍,3,N,
恐怕,3,Adv,
口袋,3,N,
口味,3,N,
誇張,3,VS,
快要,3,Adv,
寬,3,VS,
況且,3,Conj,
困難,3,VS/N,
擴大,3,VA,
拉肚子,3,VA,
啦,3,P,
來不及,3,VS,
來得及,3,VS,
藍,3,VS,
浪漫,3,VS,
老公,3,N,
老虎,3,N,
老婆,3,N,
老實,3,VS,
老是,3,Adv,
樂,3,VS,
樂觀,3,VS,
樂趣,3,N,
垃圾,3,N,
淚,3,N,
類,3,M,
冷淡,3,VS,
離婚,3,VA,
里,3,M,
裏,3,N,
裡邊,3,N,
理解,3,VS,
理論,3,VA/N,
理想,3,VS/N,
裏面,3,N,
禮堂,3,N,
力,3,N,
力量,3,N,
厲害,3,VS,
立刻,3,Adv,
例如,3,Prep,
例子,3,N,
利益,3,N,
利用,3,VA,
連,3,Adv/VS/Conj,
連絡,3,VA,
聯絡,3,VA,
連續劇,3,N,
練,3,VA,
戀愛,3,VS,
涼,3,VS,
良好,3,VS,
亮,3,VS/VA,
聊,3,VA,
了不起,3,VS,
靈魂,3,N,
零錢,3,N,
零用錢,3,N,
領,3,VA,
領導,3,N/VA,
領域,3,N,
令,3,VS/VA,
流,3,VA,
流汗,3,VA,
流血,3,VA,
留學,3,VA,
留學生,3,N,
龍,3,N,
錄,3,VA,
錄取,3,VA,
錄音,3,VA,
露營,3,VA,
亂,3,VS,
輪胎,3,N,
旅客,3,N,
綠,3,VS,
律師,3,N,
馬桶,3,N,
碼頭,3,N,
螞蟻,3,N,
罵,3,VA,
嘛,3,P,
滿足,3,VS,
慢慢,3,VS,
慢跑,3,VA,
慢用,3,VA,
毛病,3,N,
貿易,3,N,
沒什麼,3,VS,
沒想到,3,Adv,
玫瑰,3,N,
美好,3,VS,
夢,3,N,
迷路,3,VS,
迷人,3,VS,
米飯,3,N,
米粉,3,N,
秘密,3,N,
祕密,3,N,
密切,3,VS,
免費,3,VS,
面,3,M/N,
面積,3,N,
面前,3,N,
麵條,3,N,
描寫,3,VA,
秒,3,M,
廟,3,N,
民國,3,N,
民族,3,N,
名,3,M/VA,
名詞,3,N,
明白,3,Adv/VS,
明顯,3,VS,
明星,3,N,
命,3,VA/N,
摸,3,VA,
摩托車,3,N,
機車,3,N,
陌生,3,VS,
某,3,Det,
木,3,N,
木頭,3,N,
目的,3,N,
目前,3,N,
拿手,3,VS,
哪裏,3,Adv/N,
哪裏兒,3,Adv,
哪些,3,Det,
那裏,3,N,
那樣,3,Adv/VS,
奶,3,N,
奶茶,3,N,
耐心,3,Adv/N,
南方,3,N,
難怪,3,Adv,
難看,3,VS,
腦,3,N,
腦子,3,N,
鬧鐘,3,N,
內,3,N,
內容,3,N,
能夠,3,Adv,
能力,3,N,
年代,3,N,
年齡,3,N,
年年,3,Adv,
念書,3,VA,
農業,3,N,
女士,3,N,
喔,3,P,
哦,3,P,
噢,3,P,
拍,3,VA,
排,3,M/VA,
牌子,3,N,
盼望,3,VS,
旁,3,N,
陪,3,VA,
培養,3,VA,
配,3,VS/VA,
配合,3,VA,
碰,3,VA,
碰到,3,VA,
碰上,3,VA,
批評,3,VA,
皮,3,VS/N,
皮帶,3,N,
皮膚,3,N,
皮鞋,3,N,
篇,3,M,
騙子,3,N,
品質,3,N,
坪,3,M,
平,3,VS,
平安,3,VS,
平等,3,VS,
平時,3,N,
平原,3,N,
瓶子,3,N,
破,3,VS,
破壞,3,VA,
葡萄,3,N,
普遍,3,VS,
欺負,3,VA,
其次,3,Conj,
其實,3,Adv,
其中,3,Det,
期,3,M/N,
期間,3,N,
氣,3,VS/N,
氣溫,3,N,
汽水,3,N,
企業,3,N,
簽名,3,VA,
簽證,3,N,
謙虛,3,VS,
前年,3,N,
淺,3,VS,
強盜,3,N,
強調,3,VA,
搶,3,VA,
親,3,VS/VA,
親切,3,VS,
親手,3,Adv,
親眼,3,Adv,
親自,3,Adv,
清,3,VS/VA,
青年,3,N,
青少年,3,N,
輕鬆,3,VS,
晴,3,VS,
情,3,N,
情人,3,N,
情況,3,N,
情形,3,N,
請教,3,VA,
請求,3,VA,
窮,3,VS,
求,3,VA,
球,3,N,
球場,3,N,
球賽,3,N,
球員,3,N,
取代,3,VA,
去世,3,VS,
全,3,Det,
全球,3,N,
全身,3,N,
缺點,3,N,
卻,3,Adv,
確定,3,VS,
確認,3,VA,
熱狗,3,N,
熱水,3,N,
人家,3,N,
人間,3,N,
人口,3,N,
人類,3,N,
人們,3,N,
人民,3,N,
人人,3,N,
人數,3,N,
人物,3,N,
忍,3,VS,
忍耐,3,VS,
認,3,VA,
認得,3,VS,
任務,3,N,
扔,3,VA,
仍,3,Adv,
仍然,3,Adv,
日出,3,VA,
日記,3,N,
日子,3,N,
如,3,Prep/Conj/VA,
如此,3,Adv/VS,
如下,3,VS,
如意,3,VS,
弱,3,VS,
傘,3,N,
殺,3,VA,
曬,3,VA,
山區,3,N,
傷害,3,N/VA,
商品,3,N,
商人,3,N,
商業,3,N,
上當,3,VS,
上帝,3,N,
上街,3,VA,
上衣,3,N,
燒,3,VA,
蛇,3,N,
設備,3,N,
設計,3,VA/N,
深,3,VS,
深入,3,VS/VA,
身邊,3,N,
身高,3,N,
身上,3,N,
甚至,3,Adv/Conj,
升,3,VA,
聲,3,M,
聲調,3,N,
生,3,VS/VA,
生產,3,VA,
生動,3,VS,
生命,3,N,
生意,3,N,
生字,3,N,
省,3,VS/N,
省錢,3,VS,
剩,3,VS,
剩下,3,VS,
濕,3,VS,
失戀,3,VS,
失去,3,VS,
獅子,3,N,
十分,3,Adv,
石頭,3,N,
石油,3,N,
時,3,N,
時代,3,N,
時刻,3,N,
實話,3,N,
實際,3,VS,
實力,3,N,
實行,3,VA,
實在,3,Adv/VS,
使得,3,VS,
使用,3,VA,
事實,3,N,
事業,3,N,
適應,3,VS,
市長,3,N,
收穫,3,N,
收音機,3,N,
熟,3,VS,
首,3,M/Det,
手套,3,N,
手續,3,N,
受得了,3,VS,
書包,3,N,
書架,3,N,
蔬菜,3,N,
舒適,3,VS,
叔叔,3,N,
熟悉,3,VS,
數,3,Det/VA,
數字,3,N,
樹木,3,N,
刷牙,3,VA,
帥,3,VS,
水餃,3,N,
水平,3,N,
水準,3,N,
睡著,3,VS,
順便,3,Adv,
順利,3,VS,
說法,3,N,
說明,3,VA/N,
說起來,3,Adv,
思考,3,VA,
思想,3,N,
似乎,3,Adv,
寺廟,3,N,
速度,3,N,
算了,3,VS,
隨便,3,VS,
隨時,3,Adv,
所,3,Adv/M,
所謂,3,VS,
它,3,N,
它們,3,N,
台,3,M,
抬,3,VA,
颱風,3,N,
態度,3,N,
談話,3,VA,
堂,3,M/N,
討厭,3,VS,
套,3,M/VA,
特地,3,Adv,
特色,3,N,
特殊,3,VS,
提,3,VA,
提到,3,VA,
提高,3,VA,
提供,3,VA,
題材,3,N,
題目,3,N,
體會,3,VS,
體力,3,N,
體貼,3,VS,
體重,3,N,
替,3,Prep,
天堂,3,N,
天天,3,Adv,
天下,3,N,
田,3,N,
填,3,VA,
甜點,3,N,
條件,3,N,
挑戰,3,N/VA,
貼,3,VA,
鐵,3,N,
鐵路,3,N,
聽見,3,VA,
聽力,3,N,
聽起來,3,Adv,
聽眾,3,N,
挺,3,Adv/VS/VA,
通,3,VS/M,
通過,3,VA,
同,3,Adv/Prep/VS/Det,
同情,3,VS,
同時,3,N,
同樣,3,Adv/VS,
痛苦,3,VS,
投,3,VA,
投資,3,N/VA,
頭痛,3,VS,
圖,3,VA/N,
突然,3,Adv,
土,3,N,
土地,3,N,
兔子,3,N,
團體,3,N,
團圓,3,VS,
推,3,VA,
推薦,3,VA,
推銷,3,VA,
退步,3,VS,
退休,3,VS,
脫,3,VA,
娃娃,3,N,
外邊,3,N,
外公,3,N,
外婆,3,N,
外文,3,N,
外語,3,N,
完成,3,VA,
完全,3,Adv,
玩具,3,N,
萬一,3,Conj,
網,3,N,
網路,3,N,
往往,3,Adv,
忘記,3,VS,
維持,3,VS,
微笑,3,VA,
為主,3,VS,
偉大,3,VS,
為,3,Prep/VA,
未來,3,N,
位置,3,N,
位子,3,N,
溫柔,3,VS,
文件,3,N,
文學,3,N,
文字,3,N,
聞,3,VA,
穩定,3,VS,
問好,3,VA,
問候,3,VA,
握手,3,VA,
屋子,3,N,
無,3,VS,
無法,3,Adv,
無論如何,3,Conj,
無窮,3,VS,
無所謂,3,VS,
誤會,3,VS/N,
物價,3,N,
西北,3,N,
西餐,3,N,
西方,3,N,
西南,3,N,
吸毒,3,VA,
吸收,3,VA,
吸引,3,VS,
犧牲,3,VS,
喜愛,3,VS,
細,3,VS,
細心,3,VS,
戲,3,N,
戲劇,3,N,
系統,3,N,
下來,3,/N,
嚇,3,VS,
嚇一跳,3,VS,
線,3,N,
現代,3,VS/N,
現實,3,VS/N,
現象,3,N,
限制,3,VA/N,
相當,3,Adv/VS,
相對,3,VS,
相反,3,VS,
相關,3,VS,
相同,3,VS,
箱子,3,N,
香水,3,N,
詳細,3,VS,
響,3,VS,
想到,3,VA,
想法,3,N,
想像,3,VS/N,
項,3,M,
相機,3,N,
相聲,3,N,
小吃,3,N,
小朋友,3,N,
小組,3,N,
效果,3,N,
笑話,3,N,
孝順,3,VS,
些,3,Adv/M,
協助,3,VA,
血,3,N,
謝,3,VS,
心得,3,N,
心理,3,N,
心意,3,N,
欣賞,3,VS,
新生,3,N,
信箱,3,N,
信心,3,N,
興奮,3,VS,
行動,3,VA/N,
行為,3,N,
形容,3,VA,
醒,3,VA,
醒來,3,VS,
性別,3,N,
性格,3,N,
幸好,3,Adv,
幸虧,3,Adv,
幸運,3,VS,
兇,3,VS,
兄弟,3,N,
熊貓,3,N,
修,3,VA,
修改,3,VA,
修理,3,VA,
需求,3,N,
選,3,VA,
選舉,3,N,
選擇,3,VA/N,
學會,3,N/VA,
學問,3,N,
尋找,3,VA,
訓練,3,VA,
呀,3,P,
鴨,3,N,
鴨子,3,N,
押金,3,N,
牙,3,N,
牙齒,3,N,
煙火,3,N,
研究,3,VA/N,
嚴重,3,VS,
演,3,VA,
演出,3,VA,
演講,3,N/VA,
演員,3,N,
眼光,3,N,
眼淚,3,N,
陽光,3,N,
養,3,VA,
樣,3,M,
樣樣,3,Det,
邀請,3,VA,
要求,3,VA/N,
咬,3,VA,
要不然,3,Conj,
要不是,3,Conj,
要緊,3,VS,
野餐,3,VA,
也好,3,P,
頁,3,M,
夜裡,3,N,
夜裏,3,N,
夜市,3,N,
一下子,3,N,
一下子兒,3,N,
衣櫃,3,N,
依靠,3,VA,
一塊,3,Adv,
一塊兒,3,Adv,
一切,3,Det,
一向,3,Adv,
已,3,Adv,
以,3,Prep/Conj,
以來,3,N,
以免,3,Conj,
以內,3,N,
以上,3,N,
以外,3,N,
以為,3,VA,
以下,3,N,
一般來說,3,Conj,
一方面,3,Conj,
一連,3,Adv,
一生,3,N,
一時,3,N,
一同,3,Adv,
意見,3,N,
意外,3,VS/N,
意義,3,N,
陰,3,VS,
因此,3,Conj,
音響,3,N,
引起,3,VA,
應,3,Adv/Prep/VA,
英俊,3,VS,
營養,3,VS/N,
影片,3,N,
擁有,3,VS,
用法,3,N,
用功,3,VS,
用品,3,N,
優點,3,N,
優秀,3,VS,
幽默,3,VS,
郵票,3,N,
尤其,3,Adv,
遊客,3,N,
游泳池,3,N,
由於,3,Conj,
有點,3,Adv,
有一點,3,Adv,
有點兒,3,Adv,
有一點兒,3,Adv,
有的,3,Det,
有名,3,VS,
有錢,3,VS,
有效,3,VS,
有意思,3,VS,
友誼,3,N,
於是,3,Conj,
與,3,Prep/Conj,
玉,3,N,
玉米,3,N,
預備,3,VA,
預習,3,VA,
遇到,3,VA,
員工,3,N,
原諒,3,VS,
原因,3,N,
願望,3,N,
院子,3,N,
約會,3,VA/N,
越,3,Adv,
月餅,3,N,
閱讀,3,VA,
樂團,3,N,
運氣,3,N,
在意,3,VS,
在於,3,VS,
早日,3,Adv,
早晚,3,Adv/N,
造成,3,VA,
噪音,3,N,
責任,3,N,
增加,3,VS,
炸,3,VA,
摘,3,VA,
暫時,3,Adv,
戰爭,3,N,
長大,3,VS,
掌握,3,VA,
障礙,3,N,
招待,3,VA,
招牌,3,N,
找錢,3,VA,
照,3,Adv/Prep/VA,
哲學,3,N,
這裏,3,N,
這下子,3,N,
這樣,3,VS,
這樣子,3,Adv/VS,
真的,3,Adv,
真理,3,N,
真實,3,VS,
真是,3,Adv,
真心,3,VS/N,
真正,3,Adv/VS,
珍貴,3,VS,
整,3,VS/Det/N,
整理,3,VA,
整齊,3,VS,
正,3,Adv/VS,
正常,3,VS,
正確,3,VS,
正式,3,VS,
證明,3,N/VA,
證書,3,N,
支,3,M,
知,3,VS,
知識,3,N,
之後,3,N,
之間,3,N,
之前,3,N,
直,3,Adv/VS,
直到,3,Prep,
值得,3,VS,
殖民地,3,N,
植物,3,N,
職員,3,N,
指,3,VA,
只是,3,Adv/Conj,
只要,3,Conj,
只有,3,Adv/Conj,
制度,3,N,
智慧,3,N,
至少,3,Adv,
至於,3,Prep,
中,3,VS/N,
中部,3,N,
中餐,3,N,
終於,3,Adv,
鐘,3,N,
重點,3,N,
重視,3,VS,
周圍,3,N,
主動,3,VS,
主婦,3,N,
主管,3,VA/N,
主人,3,N,
主任,3,N,
主題,3,N,
主要,3,Adv/VS,
主意,3,N,
祝,3,VA,
祝福,3,VA/N,
助,3,VA,
助理,3,N,
著名,3,VS,
抓,3,VA,
專心,3,VS,
專業,3,VS/N,
狀態,3,N,
追求,3,VA,
準時,3,VS,
資料,3,N,
資源,3,N,
仔細,3,VS,
自從,3,Prep,
自動,3,VS,
自然,3,Adv/VS/N,
自殺,3,VA,
自信,3,VS/N,
自由,3,VS/N,
自在,3,VS,
宗教,3,N,
總而言之,3,Conj,
總算,3,Adv,
總統,3,N,
總之,3,Conj,
走走,3,VA,
組,3,M/VA,
祖父,3,N,
祖母,3,N,
祖先,3,N,
嘴,3,N,
醉,3,VS,
最初,3,N,
最多,3,Adv,
最好,3,Adv,
最佳,3,VS,
尊敬,3,VS,
作,3,VA,
作品,3,N,
作者,3,N,
座,3,M,
做法,3,N,
作法,3,N,
做夢,3,VA,
做人,3,VA,
做事,3,VA,
哎呀,4,P,
哎喲,4,P,
愛好,4,VS/N,
愛護,4,VA,
愛人,4,N,
安慰,4,VA,
安裝,4,VA,
按時,4,Adv,
暗,4,VS,
暗中,4,Adv,
骯髒,4,VS,
熬,4,VA,
拔,4,VA,
罷工,4,VA,
罷了,4,P,
擺脫,4,VA,
敗,4,VS,
拜,4,VA,
拜拜,4,VA,
拜訪,4,VA,
拜年,4,VA,
拜託,4,VA,
般,4,N,
班長,4,N,
搬運,4,VA,
拌,4,VA,
半路,4,N,
半數,4,Det,
辦公,4,VA,
辦事,4,VA,
扮演,4,VA,
傍晚,4,N,
磅,4,M,
棒子,4,N,
包裹,4,N,
包括,4,VS,
包裝,4,VA/N,
保,4,VA,
保持,4,VS,
保存,4,VA,
保留,4,VA,
保衛,4,VA,
保障,4,VA/N,
寶寶,4,N,
報,4,VA,
報仇,4,VA,
報答,4,VA,
報導,4,N/VA,
報到,4,VA,
報警,4,VA,
報社,4,N,
暴力,4,VS/N,
暴躁,4,VS,
爆炸,4,VS,
悲劇,4,N,
悲痛,4,VS,
倍,4,N,
備,4,VA,
背面,4,N,
奔,4,VA,
奔跑,4,VA,
本領,4,N,
本身,4,N,
本土,4,N,
笨重,4,VS,
比方,4,Prep/N,
比方說,4,Prep,
比例,4,N,
彼此,4,N,
筆記,4,N,
筆試,4,VA/N,
閉,4,VA,
編,4,VA,
扁,4,VS,
便,4,Adv/N,
便利,4,VS,
變動,4,VS/N,
標題,4,N,
標誌,4,N,
表格,4,N,
表情,4,N,
表揚,4,VA,
丙,4,Det,
並,4,Adv/Conj,
並且,4,Conj,
病毒,4,N,
病房,4,N,
撥,4,VA,
菠菜,4,N,
波動,4,VA,
玻璃,4,N,
薄,4,VS,
薄弱,4,VS,
伯父,4,N,
伯母,4,N,
不大,4,Adv,
不當,4,VS,
不到,4,VS,
不顧,4,VS,
不見得,4,Adv,
捕,4,VA,
補,4,VA,
補償,4,VA,
補充,4,VA,
補課,4,VA,
補習,4,VA,
補助,4,VA/N,
步,4,M,
不安,4,VS,
不成,4,VS,
不得已,4,VS,
不敢當,4,VS,
不僅,4,Conj,
不良,4,VS,
不平,4,VS,
不然,4,Conj,
不許,4,Adv,
不宜,4,VS,
不由得,4,Adv,
不止,4,VS,
部隊,4,N,
部長,4,N,
布告,4,N,
佈告,4,N,
布告欄,4,N,
佈告欄,4,N,
財產,4,N,
財富,4,N,
才能,4,N,
裁判,4,N,
裁員,4,VA,
踩,4,VA,
採,4,VA,
採購,4,VA,
彩色,4,VS,
參與,4,VA,
蠶,4,N,
慚愧,4,VS,
慘,4,VS,
倉庫,4,N,
藏,4,VA,
操心,4,VS,
操作,4,VA,
冊,4,M,
策略,4,N,
測量,4,VA,
測試,4,VA,
測驗,4,VA/N,
差錯,4,N,
差距,4,N,
插,4,VA,
插花,4,VA,
插圖,4,N,
茶館,4,N,
茶館兒,4,N,
茶會,4,N,
茶葉,4,N,
拆,4,VA,
產,4,VA,
產量,4,N,
產業,4,N,
嘗,4,VA,
常識,4,N,
長處,4,N,
長度,4,N,
長方形,4,N,
長久,4,VS,
長途,4,VS,
場地,4,N,
場合,4,N,
場所,4,N,
廠商,4,N,
抄,4,VA,
鈔票,4,N,
超出,4,VS,
超人,4,N,
超越,4,VA,
超重,4,VS,
朝,4,Prep,
潮流,4,N,
潮溼,4,VS,
潮濕,4,VS,
吵鬧,4,VA,
車票,4,N,
扯,4,VA,
徹底,4,VS,
沉,4,VA,
陳列,4,VA,
稱,4,VA,
撐,4,VA,
成本,4,N,
成分,4,N,
成份,4,N,
成交,4,VA,
成立,4,VA,
成天,4,Adv,
成為,4,VA,
成語,4,N,
乘,4,VS/VA,
乘客,4,N,
誠懇,4,VS,
誠意,4,N,
呈現,4,VS,
程序,4,N,
吃虧,4,VS,
遲,4,VS,
遲早,4,Adv,
尺寸,4,N,
翅膀,4,N,
沖,4,VA,
充分,4,VS,
充份,4,VS,
充滿,4,VS,
充足,4,VS,
崇拜,4,VS,
崇高,4,VS,
抽屜,4,N,
愁,4,VS/N,
出產,4,VS,
出境,4,VA,
出色,4,VS,
出身,4,VS,
出事,4,VS,
出售,4,VA,
出席,4,VA,
出院,4,VA,
初步,4,Adv/VS,
初級,4,VS,
除,4,Prep/VS/VA,
除非,4,Conj,
儲存,4,VA,
儲蓄,4,VA,
處,4,M/VA,
處罰,4,VA,
處處,4,Adv,
傳,4,VA,
傳播,4,VA,
傳達,4,VA,
傳單,4,N,
傳染,4,VA,
傳說,4,VA/N,
傳送,4,VA,
窗口,4,N,
床單,4,N,
幢,4,M,
闖,4,VA,
創作,4,VA/N,
春季,4,N,
春假,4,N,
純,4,VS,
磁帶,4,N,
詞典,4,N,
詞彙,4,詞類/N,
辭職,4,VA,
此外,4,Conj,
刺,4,VA,
次數,4,N,
從此,4,Adv,
從沒,4,Adv,
從事,4,VS,
湊,4,VA,
粗,4,VS,
粗心,4,VS,
促進,4,VS,
催,4,VA,
存款,4,N,
搓,4,VA,
錯過,4,VS,
錯字,4,N,
措施,4,N,
答,4,VA,
答案,4,N,
達到,4,VS,
打扮,4,VA,
打包,4,VA,
打斷,4,VA,
打擾,4,VA,
打招呼,4,VA,
打針,4,VA,
打字,4,VA,
大半,4,Det,
大便,4,N,
大膽,4,VS,
大地,4,N,
大都,4,Adv,
大哥,4,N,
大哥大,4,N,
大街,4,N,
大力,4,Adv,
大量,4,Det,
大腦,4,N,
大清早,4,N,
大嫂,4,N,
大腿,4,N,
大型,4,VS,
大意,4,VS/N,
大有,4,VS,
大致,4,Adv/VS,
大眾,4,N,
大自然,4,N,
待會,4,Adv,
待會兒,4,Adv,
待,4,VA,
代,4,VA/N,
代溝,4,N,
代價,4,N,
代理,4,VA,
帶動,4,VA,
帶路,4,VA,
帶子,4,N,
大夫,4,N,
貸款,4,VA/N,
待遇,4,N,
單,4,Adv,
單調,4,VS,
單位,4,N,
單子,4,N,
擔保,4,VA,
耽誤,4,VA,
膽量,4,N,
膽小,4,VS,
蛋白質,4,N,
誕生,4,VA,
當初,4,N,
當時,4,N,
當選,4,VA,
擋,4,VA,
檔案,4,N,
倒楣,4,VS,
導遊,4,N,
道,4,M/VA,
道路,4,N,
到達,4,VA,
得分,4,VS,
得獎,4,VA,
得了,4,VS,
得罪,4,VA,
登,4,VA,
登記,4,VA,
登山,4,VA,
等不及,4,VA,
等到,4,Prep,
等級,4,N,
等於,4,VA,
凳子,4,N,
滴,4,M/VA,
低潮,4,N,
的確,4,Adv,
抵,4,VA,
抵抗,4,VA,
遞,4,VA,
地面,4,N,
地毯,4,N,
地震,4,VA,
典禮,4,N,
典型,4,VS/N,
點燃,4,VA,
點頭,4,VA,
墊,4,VA,
電報,4,N,
電動,4,VS,
電扇,4,N,
電視台,4,N,
電台,4,N,
電線,4,N,
電子,4,N,
雕刻,4,VA/N,
吊,4,VA,
釣,4,VA,
跌,4,VS/VA,
跌倒,4,VA,
丁,4,Det,
盯,4,VA,
頂,4,Adv/M/VA,
訂婚,4,VA,
訂位,4,VA,
定期,4,Adv/VS,
丟臉,4,VS,
丟人,4,VS,
冬季,4,N,
懂得,4,VS,
洞,4,N,
凍,4,VS,
棟,4,M,
動不動,4,Adv,
動詞,4,N,
動人,4,VS,
動身,4,VA,
動手,4,VA,
動作,4,N,
鬥爭,4,VA,
毒,4,VS/N,
獨立,4,VS,
獨自,4,Adv,
賭,4,VA,
度過,4,VA,
端,4,VA,
斷,4,VS,
鍛鍊,4,VA,
隊,4,M,
隊員,4,N,
對岸,4,N,
對策,4,N,
對待,4,VA,
對付,4,VA,
對抗,4,VA,
對立,4,VS,
對於,4,Prep,
蹲,4,VA,
噸,4,M,
多半,4,Det,
多半兒,4,Det,
多多,4,Adv,
多數,4,Det,
多謝,4,VS,
奪,4,VA,
躲,4,VA,
鵝,4,N,
惡劣,4,VS,
而已,4,P,
發動,4,VA,
發抖,4,VA,
發起,4,VA,
發射,4,VA,
發行,4,VA,
發言,4,VA,
發揚,4,VA,
發音,4,N/VA,
發展,4,N/VA,
罰,4,VA,
法子,4,N,
法院,4,N,
髮型,4,N,
番,4,M,
煩,4,VS,
繁忙,4,VS,
繁榮,4,VS,
繁殖,4,VA,
反,4,VS/VA,
反對,4,VA,
反覆,4,Adv,
反抗,4,VA,
反面,4,N,
反問,4,VA,
反映,4,VS,
反正,4,Adv,
返回,4,VA,
犯錯,4,VA,
犯法,4,VA,
犯人,4,N,
犯罪,4,VA,
方,4,VS,
方案,4,N,
防,4,VA,
防守,4,VA,
防止,4,VA,
放大,4,VA,
放棄,4,VA,
放手,4,VA,
放學,4,VS,
非法,4,VS,
肥,4,VS,
肥胖,4,VS,
肥皂,4,N,
肺,4,N,
費,4,VS,
廢話,4,N,
廢氣,4,N,
廢水,4,N,
廢物,4,N,
分別,4,Adv/VA/N,
分布,4,VS,
分佈,4,VS,
分工,4,VA,
分明,4,Adv/VS,
分配,4,VA,
分散,4,VS,
分手,4,VA,
分數,4,N,
分析,4,VA/N,
紛紛,4,Adv,
吩咐,4,VA,
粉筆,4,N,
份兒,4,N,
奮鬥,4,VA,
憤怒,4,VS,
封建,4,VS,
蜂蜜,4,N,
風氣,4,N,
風趣,4,VS,
風險,4,N,
瘋,4,VS,
瘋狂,4,VS,
瘋子,4,N,
逢,4,VS,
縫,4,N/VA,
諷刺,4,VA,
否定,4,VA,
否認,4,VA,
夫妻,4,N,
夫人,4,N,
幅,4,M,
扶,4,VA,
服,4,VS/VA,
浮,4,VA,
符號,4,N,
赴,4,VA,
副,4,M,
輔導,4,VA,
富,4,VS,
富裕,4,VS,
附加,4,VA,
婦女,4,N,
複雜,4,VS,
複製,4,VA,
改革,4,VA,
改造,4,VA,
改正,4,VA,
蓋子,4,N,
肝,4,N,
乾杯,4,VA,
乾脆,4,VS,
趕緊,4,Adv,
感到,4,VS,
感恩,4,VS,
感激,4,VS,
感情,4,N,
感染,4,VS,
感受,4,VS/N,
幹,4,VA,
幹部,4,N,
幹嘛,4,Adv/VA,
幹什麼,4,Adv,
鋼,4,N,
鋼筆,4,N,
剛好,4,VS,
港幣,4,N,
港口,4,N,
高潮,4,N,
高大,4,VS,
高度,4,VS/N,
高峰,4,N,
高貴,4,VS,
高級,4,VS,
高明,4,VS,
高手,4,N,
高原,4,N,
告,4,VA,
告辭,4,VA,
割,4,VA,
擱,4,VA,
歌劇,4,N,
隔,4,Prep/VS,
各行各業,4,N,
個別,4,VS,
個性,4,N,
個兒,4,N,
根本,4,Adv/N,
供,4,VA,
工程,4,N,
工夫,4,N,
工會,4,N,
工錢,4,N,
工資,4,N,
公布,4,VA,
公佈,4,VA,
公公,4,N,
公開,4,VS,
公立,4,VS,
公平,4,VS,
公式,4,N,
公用,4,VS,
公元,4,N,
供應,4,VA,
構成,4,VA,
構造,4,N,
孤單,4,VS,
估計,4,VA,
姑姑,4,N,
姑丈,4,N,
古典,4,VS,
鼓,4,N,
鼓勵,4,VA/N,
鼓舞,4,VA,
鼓掌,4,VA,
骨頭,4,N,
固定,4,VS,
顧問,4,N,
故鄉,4,N,
瓜,4,N,
瓜子,4,N,
掛號信,4,N,
官方,4,N,
官員,4,N,
關鍵,4,N,
關上,4,VA,
關於,4,Prep,
觀光,4,N/VA,
管道,4,N,
管制,4,VA,
慣,4,VS/VA,
慣例,4,N,
冠軍,4,N,
罐頭,4,N,
罐子,4,N,
光亮,4,VS,
光臨,4,VA,
光明,4,VS,
光榮,4,VS,
光是,4,Adv,
光線,4,N,
廣,4,VS,
廣大,4,VS,
廣泛,4,VS,
廣闊,4,VS,
規定,4,VA/N,
規畫,4,VA/N,
規劃,4,VA/N,
規律,4,N,
規則,4,VS/N,
跪,4,VA,
櫃臺,4,N,
櫃台,4,N,
貴族,4,N,
滾,4,VA,
鍋,4,N,
鍋子,4,N,
國會,4,N,
國籍,4,N,
國際,4,N,
國立,4,VS,
國旗,4,N,
國小,4,N,
國中,4,N,
裹,4,VA,
果然,4,Adv,
過程,4,N,
過度,4,VS,
過渡,4,VA,
過節,4,VA,
過濾,4,VA,
過期,4,VS,
過世,4,VS,
還不如,4,Conj,
還有,4,Conj,
海關,4,N,
海軍,4,N,
海外,4,N,
海峽,4,N,
海鮮,4,N,
害處,4,N,
含,4,VS/VA,
含量,4,N,
寒冷,4,VS,
喊,4,VA,
汗,4,N,
行業,4,N,
毫無,4,VS,
好在,4,Adv,
耗,4,VS,
好客,4,VS,
好奇,4,VS,
號召,4,VA,
合不來,4,VS,
合成,4,VA,
合得來,4,VS,
合法,4,VS,
合格,4,VS,
合乎,4,VS,
合理,4,VS,
合適,4,VS,
合算,4,VS,
和好,4,VS,
和平,4,VS,
和氣,4,VS,
何必,4,Adv,
何況,4,Conj,
河流,4,N,
嘿,4,P,
黑暗,4,VS,
黑夜,4,N,
痕跡,4,N,
橫,4,VS/VA,
喉嚨,4,N,
猴子,4,N,
後代,4,N,
後方,4,N,
後果,4,N,
後悔,4,VS,
後年,4,N,
後頭,4,N,
後退,4,VA,
後院,4,N,
呼,4,VA,
呼吸,4,VA,
忽略,4,VS,
忽視,4,VS,
蝴蝶,4,N,
鬍子,4,N,
戶,4,M,
戶外,4,N,
互助,4,VA,
花草,4,N,
花費,4,VA/N,
花盆,4,N,
花瓶,4,N,
花色,4,N,
花生,4,N,
划,4,VA,
滑,4,VS/VA,
華僑,4,N,
華人,4,N,
化,4,VS/VA,
化學,4,N,
化妝,4,VA,
化裝,4,VA,
懷念,4,VS,
懷孕,4,VA,
壞蛋,4,N,
歡呼,4,VA,
歡樂,4,VS,
歡喜,4,VS,
緩和,4,VA,
緩慢,4,VS,
幻想,4,VA/N,
慌,4,VS,
皇帝,4,N,
黃豆,4,N,
黃昏,4,N,
灰,4,VS/N,
灰色,4,N,
灰心,4,VS,
揮,4,VA,
回電,4,VA,
回教,4,N,
伊斯蘭教,4,N,
回收,4,VA,
回頭,4,VA,
回信,4,VA,
回憶,4,VS/N,
匯款,4,VA,
會員,4,N,
昏倒,4,VS,
昏迷,4,VS,
混,4,VS/VA,
混合,4,VA,
活該,4,VS,
活力,4,N,
活潑,4,VS,
活躍,4,VS,
火柴,4,N,
火腿,4,N,
火災,4,N,
禍,4,N,
或多或少,4,Adv,
或者,4,Conj,
貨物,4,N,
獲得,4,VS,
肌肉,4,N,
基本上,4,Conj,
基金,4,N,
幾乎,4,Adv,
機構,4,N,
機關,4,N,
機票,4,N,
機械,4,N,
及格,4,VS,
及時,4,Adv,
即將,4,Adv,
即使,4,Conj,
極其,4,Adv,
級,4,M,
集,4,M/VA,
集合,4,N/VA,
集郵,4,VA,
集中,4,VS/VA,
疾病,4,N,
急忙,4,Adv,
寂寞,4,VS,
既然,4,Conj,
技術,4,N,
計算,4,VA,
計較,4,VS,
記性,4,N,
記載,4,VA,
記住,4,VS,
加班,4,VA,
加工,4,VA,
加速,4,VA,
加以,4,Adv/Conj,
家事,4,N,
夾,4,VA,
甲,4,Det,
嫁,4,VA,
駕駛,4,VA/N,
尖,4,VS,
尖銳,4,VS,
肩,4,N,
兼,4,VA,
堅定,4,VS,
堅決,4,VS,
監視,4,VA,
監獄,4,N,
揀,4,VA,
撿,4,VA,
剪刀,4,N,
檢驗,4,VA,
建,4,VA,
建國,4,VA,
建築,4,VA/N,
箭,4,N,
漸漸,4,Adv,
間接,4,VS,
鍵盤,4,N,
健全,4,VS,
江,4,N,
將,4,Adv/Prep,
將要,4,Adv,
獎金,4,N,
獎品,4,N,
降,4,VA,
降價,4,VS,
澆,4,VA,
交代,4,VA,
交換,4,VA,
交際,4,VA,
交往,4,VA,
交易,4,VA/N,
郊外,4,N,
角,4,N,
角落,4,N,
繳,4,VA,
腳步,4,N,
叫喊,4,VA,
教會,4,N,
教學,4,N/VA,
接待,4,VA,
接到,4,VA,
接見,4,VA,
接近,4,VS/VA,
街道,4,N,
街頭,4,N,
階段,4,N,
節省,4,VS,
節約,4,VS,
結構,4,N,
結合,4,VS,
結論,4,N,
結算,4,VA,
結帳,4,VA,
截止,4,VS,
解,4,VA,
解除,4,VA,
解答,4,N/VA,
屆,4,VS/M,
界線,4,N,
戒指,4,N,
今後,4,N,
金額,4,N,
金融,4,N,
金屬,4,N,
儘量,4,Adv,
緊急,4,VS,
僅僅,4,Adv,
近來,4,Adv,
近視,4,VS,
盡力,4,VS,
進入,4,VA,
進口,4,VA,
禁止,4,VA,
浸,4,VA,
精彩,4,VS,
精力,4,N,
精細,4,VS,
經濟,4,VS/N,
經歷,4,VS/N,
經營,4,VA,
京劇,4,N,
驚人,4,VS,
警告,4,VA/N,
景色,4,N,
靜,4,VS,
鏡,4,N,
鏡子,4,N,
敬愛,4,VS,
敬酒,4,VA,
敬禮,4,VA,
淨化,4,VS,
竟然,4,Adv,
競爭,4,N/VA,
糾正,4,VA,
酒會,4,N,
就是說,4,Conj,
就業,4,VA,
救火,4,VA,
究竟,4,Adv,
居民,4,N,
居然,4,Adv,
局,4,M,
鞠躬,4,VA,
巨大,4,VS,
具,4,VS/M,
具備,4,VS,
具體,4,VS,
俱樂部,4,N,
聚集,4,VA,
劇場,4,N,
劇烈,4,VS,
劇院,4,N,
據說,4,Conj,
捐,4,VA,
捐款,4,VA/N,
卷,4,M,
捲,4,VA,
決,4,Adv,
絕,4,Adv,
決心,4,VA/N,
絕不,4,Adv,
絕大部分,4,Det,
覺悟,4,VS,
軍,4,N,
軍事,4,N,
卡,4,M/VA,
卡通,4,N,
開除,4,VA,
開刀,4,VA,
開發,4,N/VA,
開戶,4,VA,
開課,4,VA,
開明,4,VS,
開設,4,VA,
開拓,4,VA,
開演,4,VS,
看家,4,VA,
砍,4,VA,
看得起,4,VS,
看看,4,,
看來,4,Adv,
看樣子,4,Adv,
抗議,4,VA,
考察,4,VA,
考卷,4,N,
考慮,4,VA,
考取,4,VS,
靠,4,Prep/VS,
靠近,4,VA,
科目,4,N,
顆,4,M,
可喜,4,VS,
可笑,4,VS,
客房,4,N,
客觀,4,VS,
客戶,4,N,
課外,4,VS,
空前,4,VS,
空中,4,N,
恐怖,4,VS,
空兒,4,N,
控制,4,VA,
口才,4,N,
口號,4,N,
口紅,4,N,
口氣,4,N,
口試,4,VA/N,
口水,4,N,
口音,4,N,
口語,4,N,
扣,4,VA,
誇獎,4,VA,
跨,4,VA,
會計,4,N,
寬度,4,N,
喇叭,4,N,
蠟燭,4,N,
辣椒,4,N,
來回,4,VA,
來臨,4,VA,
來往,4,VA,
來信,4,N,
來源,4,N,
來自,4,VS,
籃子,4,N,
懶,4,VS,
懶得,4,VS,
爛,4,VS,
濫用,4,VA,
狼,4,N,
浪,4,N,
浪費,4,VS/VA,
撈,4,VA,
牢,4,VS/N,
牢騷,4,N,
勞動,4,VA,
勞工,4,N,
勞力,4,N,
嘮叨,4,VA,
老百姓,4,N,
老闆娘,4,N,
老板娘,4,N,
老大,4,N,
老家,4,N,
老實說,4,Conj,
老太太,4,N,
樂意,4,VS,
類似,4,VS/VA,
冷靜,4,VS,
冷飲,4,N,
梨,4,N,
梨子,4,N,
理,4,VS/VA,
理由,4,N,
裡頭,4,N,
裏頭,4,N,
禮,4,N,
禮品,4,N,
力氣,4,N,
立,4,VA,
立場,4,N,
立即,4,Adv/VS,
利,4,VS,
利潤,4,N,
利息,4,N,
例外,4,VS,
粒,4,M,
聯合,4,VA,
聯合國,4,N,
連接,4,VS,
連忙,4,Adv,
連續,4,VS,
臉色,4,N,
量,4,VA,
糧食,4,N,
倆,4,Det,
諒解,4,VS,
列,4,M/VA,
裂,4,VS,
淋,4,VA,
臨,4,Adv/Prep/VS,
臨時,4,N,
凌晨,4,N,
靈活,4,VS,
零件,4,N,
零售,4,VA,
零下,4,VS,
領帶,4,N,
領土,4,N,
領先,4,VS,
領袖,4,N,
另,4,Adv/Det,
另外,4,Conj/Det,
溜,4,VA,
流動,4,VA,
流利,4,VS,
留念,4,VS,
嘍,4,P,
摟,4,VA,
露,4,VA,
路燈,4,N,
路線,4,N,
陸軍,4,N,
陸續,4,Adv,
錄用,4,VA,
輪船,4,N,
輪流,4,Adv,
輪子,4,N,
論,4,Prep/VA,
論文,4,N,
落,4,VA,
落後,4,VS,
落實,4,VS,
落伍,4,VS,
旅行社,4,N,
綠豆,4,N,
略,4,Adv/VS,
麻,4,VS,
麻雀,4,N,
馬虎,4,VS,
埋,4,VA,
買單,4,VA,
買賣,4,N/VA,
饅頭,4,N,
蠻,4,Adv,
漫畫,4,N,
忙碌,4,VS,
盲目,4,VS,
矛盾,4,VS,
毛巾,4,N,
冒,4,VA,
煤,4,N,
梅花,4,N,
美觀,4,VS,
美妙,4,VS,
魅力,4,N,
門票,4,N,
門診,4,VA,
猛,4,Adv/VS,
夢到,4,VS,
夢想,4,VA/N,
迷,4,VS,
迷糊,4,VS,
迷失,4,VS,
迷信,4,VS/N,
密,4,VS,
蜜蜂,4,N,
秘書,4,N,
祕書,4,N,
棉,4,N,
棉被,4,N,
棉花,4,N,
免得,4,Conj,
勉強,4,VS/VA,
面對,4,VA,
面臨,4,VS,
面貌,4,N,
面子,4,N,
麵粉,4,N,
妙,4,VS,
滅亡,4,VS,
民間,4,N,
民謠,4,N,
民眾,4,N,
民主,4,VS/N,
名稱,4,N,
名單,4,N,
名牌,4,N,
名片,4,N,
明亮,4,VS,
明明,4,Adv,
明確,4,VS,
命令,4,VA/N,
命運,4,N,
磨,4,VA,
模仿,4,VA,
模糊,4,VS,
模型,4,N,
模樣,4,N,
抹,4,VA,
目標,4,N,
目的地,4,N,
目錄,4,N,
哪怕,4,VS,
奶粉,4,N,
耐用,4,VS,
難道,4,Adv,
難得,4,VS,
難受,4,VS,
難以,4,Adv,
男性,4,N,
腦袋,4,N,
腦筋,4,N,
鬧,4,VA,
鬧區,4,N,
內部,4,N,
內地,4,N,
內行,4,VS,
內科,4,N,
能幹,4,VS,
能源,4,N,
泥,4,N,
泥土,4,N,
粘,4,VS/VA,
黏,4,VS/VA,
尿,4,VA/N,
捏,4,VA,
寧可,4,VS,
寧願,4,VS,
鈕扣,4,N,
農場,4,N,
農產品,4,N,
農村,4,N,
農民,4,N,
農夫,4,N,
農藥,4,N,
濃,4,VS,
濃厚,4,VS,
暖,4,VS/VA,
暖氣,4,N,
女性,4,N,
偶然,4,VS,
排斥,4,VA,
排列,4,VA,
排球,4,N,
派,4,VA,
攀,4,VA,
判斷,4,VA,
泡,4,M/VA,
炮,4,N,
砲,4,N,
賠,4,VA,
賠償,4,VA,
陪同,4,VA,
佩服,4,VS,
噴,4,VA,
盆,4,M,
膨脹,4,VS,
捧,4,VA,
碰見,4,VA,
匹,4,M,
批,4,M/VA,
批判,4,VA,
披,4,VA,
疲倦,4,VS,
疲勞,4,VS,
脾氣,4,N,
屁股,4,N,
偏,4,Adv,
偏偏,4,Adv,
偏食,4,VS,
偏向,4,VS,
騙,4,VA,
片面,4,VS,
片子,4,N,
飄,4,VA,
拼命,4,VS,
貧窮,4,VS,
品德,4,N,
聘請,4,VA,
憑,4,Prep,
平衡,4,VS,
平靜,4,VS,
平均,4,VS,
婆婆,4,N,
頗,4,Adv,
破爛,4,VS,
破裂,4,VS,
迫切,4,VS,
撲,4,VA,
撲滅,4,VA,
鋪,4,VA,
普及,4,VS,
普通,4,VS,
普通話,4,N,
瀑布,4,N,
欺騙,4,VA,
妻子,4,N,
期限,4,N,
其,4,Det,
其餘,4,Det,
棋,4,N,
齊,4,VS,
齊全,4,VS,
旗袍,4,N,
旗子,4,N,
歧視,4,VS,
起初,4,Adv,
起火,4,VS,
企圖,4,VA/N,
汽油,4,N,
器材,4,N,
器官,4,N,
氣氛,4,N,
氣憤,4,VS,
氣候,4,N,
氣味,4,N,
氣息,4,N,
氣象,4,N,
千萬,4,Adv/Det,
牽,4,VA,
遷,4,VA,
簽,4,VA,
簽訂,4,VA,
簽約,4,VA,
簽字,4,VA,
前方,4,N,
前進,4,VA,
前頭,4,N,
前途,4,N,
前往,4,VA,
前院,4,N,
欠,4,VA,
歉意,4,N,
槍,4,N,
強,4,VS,
強大,4,VS,
強度,4,N,
強烈,4,VS,
強迫,4,VA,
強人,4,N,
牆壁,4,N,
搶救,4,VA,
敲,4,VA,
瞧,4,VA,
巧,4,VS,
巧妙,4,VS,
悄悄,4,Adv,
切,4,VA,
且,4,Adv/Conj,
親愛,4,VS,
親口,4,Adv,
親戚,4,N,
親人,4,N,
侵害,4,VA,
侵入,4,VA,
勤勞,4,VS,
寢室,4,N,
青,4,VS,
清晨,4,N,
清除,4,VA,
清淡,4,VS,
清晰,4,VS,
清醒,4,VS,
輕傷,4,VS,
輕視,4,VS,
傾向,4,VS/N,
情書,4,N,
情緒,4,N,
秋季,4,N,
求婚,4,VA,
球隊,4,N,
球鞋,4,N,
曲折,4,VS,
區別,4,VA/N,
區域,4,N,
取,4,VA,
取得,4,VA,
取笑,4,VA,
取消,4,VA,
娶,4,VA,
圈,4,M/VA,
全家,4,N,
全面,4,Adv/VS,
全體,4,N,
拳頭,4,N,
權利,4,N,
勸,4,VA,
缺,4,VS,
缺乏,4,VS,
缺少,4,VS,
缺席,4,VS,
確實,4,Adv/VS,
群,4,M,
群眾,4,N,
然而,4,Conj,
燃料,4,N,
燃燒,4,VA,
染,4,VA,
讓步,4,VA,
繞,4,VA,
惹,4,VS/VA,
熱愛,4,VS,
熱烈,4,VS,
熱門,4,VS,
熱情,4,VS/N,
熱心,4,VS,
人才,4,N,
人格,4,N,
人工,4,N,
人力,4,N,
人情味,4,N,
人情味兒,4,N,
人權,4,N,
人生,4,N,
人事,4,N,
人體,4,N,
人心,4,N,
人行道,4,N,
人員,4,N,
忍不住,4,VS,
忍受,4,VS,
忍心,4,VS,
任,4,VS/M/VA,
任性,4,VS,
日常,4,VS,
日後,4,N,
日用品,4,N,
容,4,VS/VA,
融化,4,VS,
榮幸,4,VS,
如果說,4,Conj,
如何,4,Adv/VS,
如今,4,N,
如同,4,VA,
入,4,VA,
入境,4,VA,
入口,4,VA/N,
入學,4,VA,
軟,4,VS,
塞,4,VA,
賽跑,4,VA,
三角形,4,N,
散,4,VS/VA,
喪失,4,VS,
艘,4,M,
掃,4,VA,
色彩,4,N,
色情,4,N,
沙,4,N,
沙漠,4,N,
沙灘,4,N,
沙子,4,N,
殺價,4,VA,
傻,4,VS,
曬太陽,4,VA,
山地,4,N,
閃,4,VA,
善於,4,VS,
扇子,4,N,
傷,4,VS/N,
傷腦筋,4,VS,
商標,4,N,
商場,4,N,
商量,4,VA,
上級,4,N,
上升,4,VA,
上市,4,VS,
上述,4,N,
上台,4,VA,
上臺,4,VA,
上頭,4,N,
上下,4,N,
上游,4,N,
稍,4,Adv,
稍微,4,Adv,
少數,4,Det,
少年,4,N,
少女,4,N,
舌頭,4,N,
捨不得,4,VS,
捨得,4,VS,
射,4,VA,
社會,4,N,
社交,4,N,
社團,4,N,
設立,4,VA,
設置,4,VA,
攝影,4,VA,
申請,4,VA,
伸,4,VA,
伸手,4,VA,
身材,4,N,
身分,4,N,
身份,4,N,
身分證,4,N,
身份證,4,N,
深刻,4,VS,
深淺,4,N,
深夜,4,N,
神,4,VS/N,
神話,4,N,
神經,4,N,
神秘,4,VS,
神奇,4,VS,
神氣,4,VS,
神聖,4,VS,
神仙,4,N,
審查,4,VA,
慎重,4,VS,
升高,4,VS,
升級,4,VS,
升學,4,VA,
生存,4,VS,
生肖,4,N,
生長,4,VS,
繩,4,N,
繩子,4,N,
省得,4,Conj,
勝,4,VS,
勝利,4,VS,
失敗,4,VS,
失掉,4,VS,
失眠,4,VS,
失望,4,VS,
失業,4,VS,
溼,4,VS,
詩,4,N,
詩人,4,N,
師父,4,N,
師傅,4,N,
師母,4,N,
施工,4,VA,
時常,4,Adv,
時機,4,N,
時期,4,N,
時時,4,Adv,
食品,4,N,
實用,4,VS,
實施,4,VA,
實現,4,VA,
實驗,4,VA/N,
使,4,VS,
始終,4,Adv,
示威,4,VA,
式樣,4,N,
世,4,N,
世紀,4,N,
市立,4,VS,
市民,4,N,
市區,4,N,
視,4,Prep,
視野,4,N,
適當,4,VS,
適合,4,VS,
適用,4,VS,
是非,4,N,
是否,4,Adv,
事件,4,N,
事實上,4,Adv,
事物,4,N,
事先,4,Adv,
勢力,4,N,
試驗,4,VA,
收據,4,N,
收看,4,VA,
收入,4,N,
收拾,4,VA,
手電筒,4,N,
手段,4,N,
手工,4,N,
手術,4,N,
首都,4,N,
首先,4,Adv/Conj,
受,4,Prep/VS,
受不了,4,VS,
受到,4,VS,
售,4,VA,
壽命,4,N,
疏忽,4,VS,
書房,4,N,
書籍,4,N,
輸出,4,VA,
輸入,4,VA,
熟練,4,VS,
熟人,4,N,
屬,4,VA,
屬於,4,VA,
暑期,4,N,
束,4,M,
數量,4,N,
數目,4,N,
樹林,4,N,
刷,4,N/VA,
刷子,4,N,
刷卡,4,VA,
耍,4,VA,
摔,4,VA,
衰退,4,VS,
甩,4,VA,
率領,4,VA,
雙胞胎,4,N,
雙方,4,N,
水分,4,N,
水份,4,N,
水災,4,N,
稅,4,N,
說服,4,VA,
順,4,Prep/VS,
順手,4,VS,
順序,4,N,
說不定,4,Adv,
碩士,4,N,
絲,4,N,
撕,4,VA,
私立,4,VS,
私人,4,N,
思索,4,VA,
死亡,4,VS,
四處,4,Adv/N,
四方,4,N,
四季,4,N,
四周,4,N,
四週,4,N,
飼養,4,VA,
鬆,4,VS,
送行,4,VA,
俗,4,VS,
俗話,4,N,
俗話說,4,Conj,
算起來,4,Adv,
算是,4,VA,
算帳,4,VA,
隨,4,Adv/Prep/VS,
隨手,4,Adv,
隨意,4,VS,
隨著,4,Prep,
碎,4,VS,
歲數,4,N,
孫女,4,N,
孫子,4,N,
損失,4,VS/N,
縮,4,VA,
縮短,4,VA,
縮水,4,VS,
鎖,4,VA/N,
塌,4,VS,
踏,4,VA,
抬頭,4,VA,
太空,4,N,
攤子,4,N,
彈,4,VA,
談判,4,VA,
毯子,4,N,
探,4,VA,
探親,4,VA,
探討,4,VA,
趟,4,M,
燙,4,VS/VA,
掏,4,VA,
逃,4,VA,
逃避,4,VA,
逃走,4,VA,
陶瓷,4,N,
淘氣,4,VS,
桃子,4,N,
討,4,VA,
特點,4,N,
提起,4,VA,
提前,4,VA,
提醒,4,VA,
提早,4,VS,
題,4,M,
體溫,4,N,
體驗,4,VA,
天才,4,N,
天空,4,N,
天然,4,VS,
天文,4,N,
天真,4,VS,
天主教,4,N,
田野,4,N,
挑,4,VA,
挑選,4,VA,
條約,4,N,
調,4,VA,
調整,4,VA,
跳高,4,VA,
跳遠,4,VA,
貼心,4,VS,
停止,4,VA,
通常,4,Adv,
通信,4,VA,
通訊,4,N,
同胞,4,N,
同志,4,N,
銅,4,N,
桶,4,M,
統計,4,N/VA,
統一,4,VS,
統治,4,VA,
痛快,4,VS,
偷偷,4,Adv,
頭腦,4,N,
投票,4,VA,
投入,4,VS/VA,
投降,4,VA,
透,4,VS,
透過,4,Prep,
禿,4,VS,
突出,4,VS,
突破,4,VA/N,
途徑,4,N,
圖書,4,N,
圖章,4,N,
吐,4,VA,
團,4,M,
團結,4,VS,
推動,4,VA,
推翻,4,VA,
推廣,4,VA,
退,4,VA,
退出,4,VA,
退回,4,VA,
吞,4,VA,
拖,4,VA,
拖鞋,4,N,
托兒所,4,N,
脫離,4,VA,
妥當,4,VS,
妥善,4,VS,
妥協,4,VA,
哇,4,P,
挖,4,VA,
歪,4,VS,
外部,4,N,
外出,4,VA,
外地,4,N,
外觀,4,N,
外行,4,VS,
外匯,4,N,
外交,4,N,
外界,4,N,
外科,4,N,
外頭,4,N,
彎,4,VS,
彎腰,4,VA,
完畢,4,VS,
完善,4,VS,
完整,4,VS,
玩笑,4,N,
晚輩,4,N,
望,4,VA,
威脅,4,VA/N,
圍,4,VA,
違反,4,VS,
維護,4,VA,
維他命,4,N,
危機,4,N,
為難,4,VS,
唯一,4,VS,
尾巴,4,N,
委屈,4,VS,
委託,4,VA,
委員,4,N,
未,4,Adv,
未婚,4,VS,
位於,4,VA,
味,4,N,
味兒,4,N,
味精,4,N,
為何,4,Adv,
衛生,4,VS/N,
衛生紙,4,N,
衛星,4,N,
慰問,4,VA,
溫和,4,VS,
文法,4,N,
文具,4,N,
文憑,4,N,
文物,4,N,
文藝,4,N,
蚊子,4,N,
吻,4,VA/N,
穩,4,VS,
握,4,VA,
臥房,4,N,
汙染,4,N/VA,
污染,4,N/VA,
無可奈何,4,VS,
無論,4,Conj,
無情,4,VS,
無數,4,Det,
無限,4,VS,
無意,4,VS,
武器,4,N,
武術,4,N,
舞,4,N,
舞蹈,4,N,
舞台,4,N,
舞臺,4,N,
舞廳,4,N,
勿,4,Adv,
物理,4,N,
物質,4,N,
誤,4,Adv/VS,
誤點,4,VS,
霧,4,N,
西裝,4,N,
吸,4,VA,
吸取,4,VA,
吸食,4,VA,
吸煙,4,VA,
媳婦,4,N,
喜酒,4,N,
喜劇,4,N,
系列,4,N,
細胞,4,N,
細節,4,N,
細菌,4,N,
細小,4,VS,
瞎,4,VS,
蝦,4,N,
蝦子,4,N,
蝦米,4,N,
下巴,4,N,
下降,4,VA,
下棋,4,VA,
下去,,4,
下午茶,4,N,
下游,4,N,
夏季,4,N,
先進,4,VS/N,
鮮,4,VS,
鮮花,4,N,
鮮奶,4,N,
鮮血,4,N,
閒,4,VS,
嫌,4,VS,
顯得,4,VS,
顯然,4,Adv,
顯示,4,VS,
顯著,4,VS,
現,4,Adv,
現場,4,N,
現成,4,VS,
現金,4,N,
羨慕,4,VS,
相,4,Adv,
相處,4,VA,
相互,4,Adv,
相親相愛,4,VS,
相似,4,VS,
箱,4,M,
香腸,4,N,
鄉村,4,N,
想不到,4,Conj,
想念,4,VS,
享受,4,VS,
享有,4,VS,
響應,4,VA,
象,4,N,
相片,4,N,
相片兒,4,N,
相親,4,VA,
巷,4,N,
巷子,4,N,
向來,4,Adv,
項目,4,N,
消,4,VS,
消除,4,VA,
消費,4,VA/N,
消化,4,VA,
消極,4,VS,
消滅,4,VA,
消失,4,VA,
消夜,4,N,
宵夜,4,N,
銷路,4,N,
銷售,4,VA,
小便,4,VA,
小費,4,N,
小麥,4,N,
小氣,4,VS,
小腿,4,N,
小子,4,N,
曉得,4,VS,
校車,4,N,
校友,4,N,
效率,4,N,
笑容,4,N,
歇,4,VA,
斜,4,VS,
血管,4,N,
血型,4,N,
血液,4,N,
心靈,4,N,
心目中,4,N,
心聲,4,N,
心跳,4,VA,
心臟,4,N,
新郎,4,N,
新娘,4,N,
新式,4,VS,
新興,4,VS,
薪水,4,N,
信號,4,N,
信任,4,VS,
信仰,4,VS/N,
信用,4,N,
星光,4,N,
行程,4,N,
行人,4,N,
形成,4,VA,
形式,4,N,
形象,4,N,
形狀,4,N,
性質,4,N,
雄偉,4,VS,
休假,4,VA,
休閒,4,VA,
修正,4,VA,
需,4,VS,
須知,4,N,
許,4,N/VA,
許願,4,VA,
宣布,4,VA,
宣佈,4,VA,
宣傳,4,VA/N,
懸,4,VA,
選手,4,N,
靴,4,N,
靴子,4,N,
學歷,4,N,
學術,4,N,
學位,4,N,
學業,4,N,
學者,4,N,
雪花,4,N,
削減,4,VA,
尋,4,VA,
循環,4,N/VA,
迅速,4,VS,
壓,4,VA,
壓力,4,N,
壓迫,4,VA,
牙膏,4,N,
煙,4,N,
菸,4,N,
沿,4,Prep,
嚴,4,VS,
嚴格,4,VS,
嚴肅,4,VS,
鹽巴,4,N,
延長,4,VA,
癌症,4,N,
演唱,4,VA,
演奏,4,VA,
掩蓋,4,VA,
宴會,4,N,
厭惡,4,VS,
癢,4,VS,
氧氣,4,N,
樣品,4,N,
喲,4,P,
腰,4,N,
搖,4,VA,
搖擺,4,VA,
搖頭,4,VA,
要不,4,Conj,
要好,4,VS,
要命,4,VS,
藥方,4,N,
藥水,4,N,
藥物,4,N,
野,4,VS,
野獸,4,N,
野心,4,N,
夜景,4,N,
夜晚,4,N,
業務,4,N,
業餘,4,VS,
葉子,4,N,
一一,4,Adv,
衣裳,4,N,
依據,4,Prep/N,
依然,4,Adv,
醫,4,VA,
醫師,4,N,
醫學,4,N,
一帶,4,N,
一旦,4,Conj,
一大早,4,N,
一面,4,Adv,
一再,4,Adv,
一致,4,VS,
移,4,VA,
移動,4,VA,
移民,4,VA,
疑問,4,N,
儀器,4,N,
儀式,4,N,
乙,4,Det,
已婚,4,VS,
以便,4,Conj,
以及,4,Conj,
以往,4,N,
一般而言,4,Conj,
一口氣,4,Adv,
一旁,4,N,
一齊,4,Adv,
一天到晚,4,Adv,
易,4,VS,
意識,4,N,
意願,4,N,
意志,4,N,
億,4,Det,
義務,4,N,
議會,4,N,
因而,4,Conj,
因素,4,N,
銀,4,N,
引發,4,VA,
飲,4,VA,
飲食,4,N,
印,4,VA,
印刷,4,VA,
印象,4,N,
印章,4,N,
應當,4,Adv,
嬰兒,4,N,
英雄,4,N,
贏得,4,VS,
迎接,4,VA,
營業,4,VA,
影本,4,N,
影印,4,VA,
影子,4,N,
硬,4,Adv/VS,
應付,4,VA,
應邀,4,VA,
應用,4,VA,
擁抱,4,VA,
擁護,4,VA,
擁擠,4,VS,
勇氣,4,N,
用不著,4,Adv,
用處,4,N,
用得著,4,VS,
用具,4,N,
用力,4,VS,
用心,4,VS/N,
憂鬱,4,VS,
優惠,4,VS,
優良,4,VS,
優美,4,VS,
優越,4,VS,
由,4,Prep,
油膩,4,VS,
游,4,VA,
郵差,4,N,
郵件,4,N,
遊戲,4,VA/N,
遊行,4,VA,
猶豫,4,VS,
友好,4,VS,
有關,4,Prep/VS,
有力,4,VS,
有利,4,VS,
有些,4,Adv/Det,
娛樂,4,N,
語調,4,N,
語氣,4,N,
語音,4,N,
與其,4,Conj,
遇,4,VS,
遇見,4,VA,
預報,4,N,
預定,4,VA,
預訂,4,VA,
預計,4,VA,
預算,4,N,
預先,4,Adv,
冤枉,4,VS,
元旦,4,N,
原理,4,N,
原料,4,N,
原始,4,VS,
原先,4,Adv,
原則,4,N,
原則上,4,Adv,
原子筆,4,N,
圓滿,4,VS,
圓形,4,N,
緣故,4,N,
遠大,4,VS,
願,4,VS,
月份,4,N,
月光,4,N,
月球,4,N,
暈,4,VS,
允許,4,VA,
運輸,4,VA,
運送,4,VA,
運用,4,VA,
運轉,4,VA,
砸,4,VA,
雜,4,VS,
災害,4,N,
災難,4,N,
在乎,4,VS,
再度,4,Adv,
再說,4,Conj,
載,4,VA,
咱們,4,N,
贊成,4,VS,
贊同,4,VS,
讚美,4,VA,
葬禮,4,N,
糟,4,VS,
糟糕,4,VS,
遭到,4,VS,
遭受,4,VS,
遭遇,4,VS/N,
早晨,4,N,
早點,4,Adv/N,
早已,4,Adv,
造,4,VA,
造句,4,VA,
則,4,Adv/M,
怎,4,Adv,
增長,4,VS,
贈品,4,N,
贈送,4,VA,
窄,4,VS,
展出,4,VA,
展開,4,VA,
展覽,4,VA/N,
展示,4,VA,
占,4,VS/VA,
佔,4,VS/VA,
占有,4,VS,
佔有,4,VS,
站住,4,VA,
戰場,4,N,
章,4,M,
長輩,4,N,
漲,4,VS,
漲價,4,VS,
掌聲,4,N,
帳單,4,N,
丈夫,4,N,
招呼,4,VA,
招手,4,VA,
照常,4,VS,
召開,4,VA,
折,4,VA,
折合,4,VA,
折扣,4,N,
折磨,4,VA,
者,4,N,
針,4,N,
針對,4,Prep,
偵探,4,N,
珍惜,4,VS,
珍珠,4,N,
枕頭,4,N,
陣,4,M,
陣子,4,N,
震動,4,VA,
爭,4,VA,
爭論,4,N/VA,
爭取,4,VA,
睜,4,VA,
徵求,4,VA,
正月,4,N,
整潔,4,VS,
整數,4,N,
正方形,4,N,
正規,4,VS,
正好,4,Adv/VS,
正經,4,VS,
正面,4,Adv/N,
政策,4,N,
政黨,4,N,
政府,4,N,
證件,4,N,
證據,4,N,
證實,4,VA,
症狀,4,N,
之,4,P/N,
之類,4,N,
支持,4,VA,
支出,4,VA,
支票,4,N,
支援,4,VA,
直接,4,VS,
直線,4,Adv,
值,4,VS,
擲,4,VA,
職位,4,N,
執行,4,VA,
止,4,VS/N,
指出,4,VA,
指導,4,VA,
指定,4,VA,
指示,4,VA/N,
指責,4,VA,
紙張,4,N,
治,4,VA,
至,4,Prep/Conj/VA,
制定,4,VA,
制止,4,VA,
志氣,4,N,
志願,4,N,
秩序,4,N,
製造,4,VA,
製作,4,VA,
中級,4,N,
中年,4,N,
中途,4,N,
中央,4,N,
中藥,4,N,
腫,4,VS,
種類,4,N,
種子,4,N,
種族,4,N,
中毒,4,VS,
重大,4,VS,
重量,4,N,
重傷,4,VS/N,
重心,4,N,
州,4,N,
周,4,M,
週,4,M,
周到,4,VS,
粥,4,N,
竹,4,N,
竹子,4,N,
逐漸,4,Adv,
主辦,4,VA,
主持,4,VA,
主觀,4,VS,
主角,4,N,
主席,4,N,
主張,4,VA/N,
祝賀,4,VA,
住院,4,VA,
住宅,4,N,
住址,4,N,
注射,4,VA,
註冊,4,VA,
專家,4,N,
專利,4,N,
專門,4,VS,
專人,4,N,
轉變,4,VS,
轉播,4,VA,
轉達,4,VA,
轉告,4,VA,
轉機,4,N/VA,
轉身,4,VA,
轉向,4,VA,
賺,4,VA,
裝飾,4,VA,
壯,4,VS,
撞,4,VA,
狀況,4,N,
追,4,VA,
准,4,VA,
准考證,4,N,
准考証,4,N,
準,4,Adv/VS,
準確,4,VS,
捉,4,VA,
資本,4,N,
資格,4,N,
資金,4,N,
資訊,4,N,
紫,4,VS,
子女,4,N,
字幕,4,N,
字母,4,N,
自來水,4,N,
自私,4,VS,
自我,4,N,
自願,4,VS,
自主,4,VS,
總,4,Adv,
總共,4,Adv,
總理,4,N,
綜合,4,VS/VA,
走道,4,N,
走私,4,VA,
足,4,VS/Det,
足以,4,VS,
組織,4,VA/N,
阻礙,4,VA,
阻止,4,VA,
祖國,4,N,
鑽,4,VA,
鑽石,4,N,
罪,4,N,
最少,4,Adv,
遵守,4,VS,
尊重,4,VS,
左右,4,N,
作家,4,N,
作為,4,N/VA,
作文,4,VA/N,
作用,4,N,
做客,4,VA,
挨,5,VS,
欸,5,P,
愛戴,5,VS,
愛國,5,VS,
愛滋病,5,N,
安頓,5,VA,
安撫,5,VS,
安寧,5,VS,
安詳,5,VS,
安置,5,VA,
暗暗,5,Adv,
案件,5,N,
案情,5,N,
案子,5,N,
按摩,5,VA,
昂貴,5,VS,
奧妙,5,VS,
懊惱,5,VS,
八卦,5,N,
八字,5,N,
把持,5,VA,
把手,5,N,
白皮書,5,N,
拜會,5,VA,
頒發,5,VA,
頒獎,5,VA,
辦案,5,VA,
半島,5,N,
半導體,5,N,
綁,5,VA,
包袱,5,N,
包圍,5,VA,
寶,5,N,
寶石,5,N,
飽和,5,VS,
飽滿,5,VS,
保安,5,N,
保管,5,VA,
保齡球,5,N,
保姆,5,N,
保全,5,VA,
保佑,5,VS,
保重,5,VS,
報案,5,VA,
報表,5,N,
報酬,5,N,
報復,5,VA,
報關,5,VA,
報價,5,N,
報刊,5,N,
報應,5,N,
報章,5,N,
暴雨,5,N,
爆發,5,VS,
抱負,5,N,
抱歉,5,VS,
碑,5,N,
悲哀,5,VS,
悲觀,5,VS,
貝殼,5,N,
倍數,5,N,
背誦,5,VA,
背心,5,N,
被子,5,N,
奔騰,5,VA,
本事,5,N,
本位,5,N,
本性,5,N,
本質,5,N,
崩潰,5,VS,
甭,5,Adv,
敝,5,Det,
必,5,Adv,
編輯,5,VA/N,
編寫,5,VA,
編織,5,VA,
編制,5,N,
編製,5,VA,
邊界,5,N,
邊緣,5,N,
貶,5,VS,
貶值,5,VS,
匾額,5,N,
便利商店,5,N,
辨認,5,VA,
辨識,5,VA,
辯,5,VA,
辯護,5,VA,
辯論,5,VA,
變革,5,N,
變遷,5,VS,
變通,5,VA,
變形,5,VS,
標籤,5,N,
標語,5,N,
表白,5,VA,
表明,5,VA,
鼻孔,5,N,
鼻涕,5,N,
筆錄,5,N,
筆友,5,N,
比率,5,N,
比擬,5,VA,
比喻,5,N,
比重,5,N,
必備,5,VS,
必定,5,Adv,
必然,5,Adv,
閉幕,5,VS,
閉塞,5,VS,
避難,5,VA,
避孕,5,VA,
畢生,5,N,
幣值,5,N,
憋,5,VA,
別墅,5,N,
兵,5,N,
賓館,5,N,
柄,5,N,
並列,5,VA,
並重,5,VS,
併發,5,VA,
病床,5,N,
病菌,5,N,
病情,5,N,
波,5,M,
波及,5,VS,
波浪,5,N,
剝,5,VA,
剝削,5,VA,
搏鬥,5,VA,
播出,5,VA,
不便,5,VS,
不動產,5,N,
不力,5,VS,
不料,5,Adv,
不下,5,Adv,
不肖,5,VS,
不懈,5,VS,
不再,5,VS,
不致,5,Adv,
不至,5,Adv,
致於,5,Adv,
補給,5,VA,
補救,5,VA,
補習班,5,N,
哺乳動物,5,N,
不得,5,Adv,
不等,5,N,
不凡,5,VS,
不妨,5,Adv,
不法,5,VS,
不公,5,VS,
不禁,5,VS,
不及,5,VS,
不堪,5,VS,
不免,5,Adv,
不容,5,Adv,
不時,5,Adv,
不惜,5,VS,
不知不覺,5,Adv,
部落,5,N,
部署,5,VA,
步調,5,N,
步驟,5,N,
猜測,5,VA,
猜忌,5,VS,
猜想,5,VA,
裁縫,5,N,
裁減,5,VA,
財團,5,N,
財政,5,N,
才智,5,N,
採訪,5,VA,
採光,5,N,
採納,5,VA,
採取,5,VA,
彩繪,5,VA,
餐具,5,N,
參謀,5,N,
殘暴,5,VS,
殘酷,5,VS,
殘殺,5,VA,
慘重,5,VS,
燦爛,5,VS,
蒼白,5,VS,
蒼蠅,5,N,
操縱,5,VA,
草案,5,N,
草叢,5,N,
草率,5,VS,
草藥,5,N,
測,5,VA,
策畫,5,VA,
策劃,5,VA,
差額,5,N,
插曲,5,N,
插嘴,5,VA,
茶具,5,N,
察覺,5,VS,
查明,5,VA,
蟬,5,N,
饞,5,VS,
潺潺,5,VS,
猖獗,5,VS,
腸,5,N,
長遠,5,VS,
場次,5,N,
場面,5,N,
倡導,5,VA,
唱腔,5,N,
暢銷,5,VS,
產物,5,N,
產值,5,N,
超速,5,VS,
超脫,5,VS,
抄襲,5,VA,
吵嘴,5,VA,
車輛,5,N,
車廂,5,N,
撤回,5,VA,
撤銷,5,VA,
沉默,5,VS,
沉思,5,VA,
沉重,5,VS,
塵土,5,N,
呈,5,VS,
承包,5,VA,
承擔,5,VA,
承諾,5,N,
成敗,5,N,
成見,5,N,
成品,5,N,
成全,5,VA,
成人,5,N,
成效,5,N,
成衣,5,N,
成員,5,N,
稱號,5,N,
稱呼,5,VA,
撐腰,5,VA,
程式,5,N,
呈獻,5,VA,
誠心,5,N,
誠心誠意,5,VS,
誠摯,5,VS,
吃驚,5,VS,
吃苦,5,VS,
吃力,5,VS,
持,5,VA,
持久,5,VS,
持平,5,VS,
持續,5,VS,
池,5,N,
池子,5,N,
遲鈍,5,VS,
充斥,5,VS,
充裕,5,VS,
沖淡,5,VA,
沖天,5,VS,
衝,5,VA,
衝動,5,VS,
衝擊,5,VA,
衝突,5,N,
憧憬,5,VS,
重疊,5,VS,
崇尚,5,VS,
寵愛,5,VS,
寵物,5,N,
抽查,5,VA,
抽空,5,VA,
抽象,5,VS,
抽樣,5,VA,
仇,5,N,
仇恨,5,N,
稠密,5,VS,
出超,5,VS,
出錯,5,VS,
出發點,5,N,
出局,5,VS,
出力,5,VA,
出路,5,N,
出馬,5,VA,
出賣,5,VA,
出面,5,VA,
出名,5,VS,
出品,5,N,
出示,5,VA,
出手,5,VA,
出頭,5,VS/Det,
出土,5,VS,
出息,5,N,
出血,5,VS,
初期,5,N,
儲備,5,VA,
除此之外,5,Conj,
鋤頭,5,N,
處方,5,N,
處分,5,VA/N,
處境,5,N,
處事,5,VA,
處於,5,VS,
處女,5,N,
穿梭,5,VA,
傳遞,5,VA,
傳奇,5,VS/N,
傳神,5,VS,
傳授,5,VA,
船隻,5,N,
喘,5,VA,
創傷,5,N,
創,5,VA,
創辦,5,VA,
創立,5,VA,
創新,5,VA,
創業,5,VA,
吹牛,5,VA,
垂,5,VA,
垂直,5,VS,
辭,5,VA,
辭典,5,N,
辭行,5,VA,
慈善,5,VS,
此刻,5,N,
次要,5,VS,
伺候,5,VA,
刺殺,5,VA,
匆忙,5,VS,
從容,5,VS,
從而,5,Conj,
湊巧,5,VS,
粗糙,5,VS,
粗魯,5,VS,
促,5,VA,
促成,5,VS,
促使,5,VS,
促銷,5,VA,
簇擁,5,VA,
摧殘,5,VA,
摧毀,5,VA,
催眠,5,VA,
脆弱,5,VS,
存貨,5,N,
磋商,5,VA,
撮合,5,VA,
搭配,5,VA,
達,5,VS,
答覆,5,VA,
打鬥,5,VA,
打賭,5,VA,
打發,5,VA,
打擊,5,VA,
打量,5,VA,
打獵,5,VA,
打牌,5,VA,
打手,5,N,
打烊,5,VA,
大道,5,N,
大隊,5,N,
大使,5,N,
大選,5,N,
大洋洲,5,N,
呆,5,VS,
歹徒,5,N,
逮捕,5,VA,
代課,5,VA,
怠慢,5,VS,
擔,5,VA,
擔當,5,VA,
擔負,5,VA,
單獨,5,Adv,
單價,5,N,
單據,5,N,
單親,5,VS,
單行道,5,N,
膽,5,N,
膽固醇,5,N,
淡季,5,N,
淡水,5,N,
導師,5,N,
導致,5,VS,
島嶼,5,N,
道別,5,VA,
道地,5,VS,
道士,5,N,
道義,5,N,
到期,5,VS,
到頭來,5,Adv,
倒數,5,VA,
當兵,5,VA,
當代,5,N,
當局,5,N,
當前,5,N,
當心,5,VS,
黨派,5,N,
黨員,5,N,
得以,5,Adv,
登場,5,VA,
登陸,5,VA,
燈火,5,N,
燈籠,5,N,
等候,5,VS,
等價,5,VS,
瞪,5,VA,
嘀咕,5,VA,
底片,5,N,
抵押,5,VA,
抵制,5,VA,
地表,5,N,
地步,5,N,
地勢,5,N,
地域,5,N,
地獄,5,N,
地質,5,N,
地主,5,N,
締結,5,VA,
締造,5,VA,
弟兄,5,N,
顛覆,5,VA,
典雅,5,VS,
點子,5,N,
奠定,5,VA,
惦記,5,VS,
電工,5,N,
電力,5,N,
電流,5,N,
電器,5,N,
電視劇,5,N,
電壓,5,N,
凋零,5,VS,
調度,5,VA,
吊橋,5,N,
釣魚,5,VA,
疊,5,VA,
定額,5,N,
定義,5,N,
釘,5,VA,
訂購,5,VA,
丟棄,5,VA,
凍結,5,VA,
洞穴,5,N,
動產,5,N,
動機,5,N,
動靜,5,N,
動力,5,N,
動亂,5,VS,
動脈,5,N,
動態,5,N,
動向,5,N,
動員,5,VA,
抖,5,VA,
陡,5,VS,
逗留,5,VA,
鬥志,5,N,
督促,5,VA,
獨創,5,VA,
獨到,5,VS,
獨占,5,VA,
獨佔,5,VA,
讀物,5,N,
堵,5,VA,
堵塞,5,VS,
賭博,5,VA,
賭場,5,N,
渡,5,VA,
度量衡,5,N,
端正,5,VS,
短缺,5,VS,
短暫,5,VS,
斷絕,5,VA,
堆積,5,VA,
隊伍,5,N,
兌現,5,VA,
對比,5,N,
對照,5,VS,
對峙,5,VS,
頓時,5,Adv,
多寡,5,N,
多虧,5,Adv,
多媒體,5,N,
多元,5,VS,
奪魁,5,VA,
躲避,5,VA,
墮胎,5,VA,
額外,5,VS,
惡,5,VS,
惡化,5,VS,
惡性,5,VS,
惡意,5,N,
恩愛,5,VS,
恩情,5,N,
恩人,5,N,
恩怨,5,N,
而是,5,Conj,
而言,5,N,
兒女,5,N,
耳光,5,N,
發電,5,VA,
發瘋,5,VS,
發掘,5,VA,
發誓,5,VA,
發炎,5,VS,
發育,5,VS,
發作,5,VS,
法定,5,VS,
法官,5,N,
法令,5,N,
法人,5,N,
法則,5,N,
法制,5,N,
法治,5,N,
翻臉,5,VS,
翻身,5,VA,
翻新,5,VA,
繁多,5,VS,
繁體,5,N,
藩籬,5,N,
凡,5,Conj,
凡是,5,Conj,
返,5,VA,
反擊,5,VA,
反射,5,VS,
反省,5,VA,
反之,5,Conj,
犯規,5,VA,
販毒,5,VA,
販賣,5,VA,
方位,5,N,
方向盤,5,N,
方針,5,N,
方正,5,VS,
妨礙,5,VA,
防備,5,VA,
防範,5,VA,
防水,5,VS,
防衛,5,VA,
防禦,5,VA,
防治,5,VA,
仿冒,5,VA,
仿造,5,VA,
紡織,5,VA,
放蕩,5,VS,
放寬,5,VA,
放款,5,VA,
放任,5,VS,
放鬆,5,VS,
放映,5,VA,
放逐,5,VA,
非凡,5,VS,
非洲,5,N,
飛彈,5,N,
飛快,5,Adv,
飛翔,5,VA,
飛行,5,VA,
肥料,5,N,
廢,5,VA,
廢除,5,VA,
廢棄,5,VA,
廢墟,5,N,
廢止,5,VA,
費力,5,VS,
沸騰,5,VS,
肺炎,5,N,
分貝,5,M,
分辨,5,VA,
分寸,5,N,
分擔,5,VA,
分發,5,VA,
分割,5,VA,
分化,5,VA,
分級,5,VA,
分家,5,VA,
分解,5,VA,
分離,5,VS,
分裂,5,VS,
分泌,5,VA,
分享,5,VS,
分子,5,N,
墳墓,5,N,
粉紅,5,VS,
粉刷,5,VA,
分量,5,N,
糞,5,N,
封閉,5,VS,
封鎖,5,VA,
封條,5,N,
風暴,5,N,
風潮,5,N,
風光,5,VS/N,
風化,5,N,
風力,5,N,
風尚,5,N,
風水,5,N,
風行,5,VS,
鋒面,5,N,
豐盛,5,VS,
豐收,5,VS,
奉獻,5,VA,
奉養,5,VA,
佛經,5,N,
佛像,5,N,
否決,5,VA,
膚淺,5,VS,
敷衍,5,VA,
俘虜,5,VA/N,
浮動,5,VA,
服從,5,VA,
服飾,5,N,
服刑,5,VA,
幅度,5,N,
福氣,5,N,
輻射,5,N,
斧頭,5,N,
撫養,5,VA,
撫育,5,VA,
腐爛,5,VS,
腐蝕,5,VS,
腐朽,5,VS,
付款,5,VA,
負,5,VS,
負面,5,N,
富貴,5,N,
富有,5,VS,
婦人,5,N,
附上,5,VA,
復甦,5,VS,
復原,5,VS,
賦予,5,VA,
該死,5,VS,
改編,5,VA,
改觀,5,VS,
改良,5,VA,
改選,5,VA,
鈣,5,N,
概,5,Adv,
概括,5,VS,
概況,5,N,
蓋章,5,VA,
尷尬,5,VS,
干擾,5,VA,
干涉,5,VA,
乾燥,5,VS,
感觸,5,N,
感性,5,VS,
趕忙,5,Adv,
綱領,5,N,
剛強,5,VS,
鋼鐵,5,N,
崗位,5,N,
高見,5,N,
高壓,5,N,
告別,5,VA,
告狀,5,VA,
胳膊,5,N,
歌唱,5,VA,
歌手,5,N,
歌頌,5,VA,
疙瘩,5,N,
鴿子,5,N,
隔閡,5,N,
隔天,5,N,
格局,5,N,
格式,5,N,
格外,5,Adv,
革新,5,VA,
各界,5,N,
各自,5,N,
個數,5,N,
個體,5,N,
給予,5,VA,
跟進,5,VA,
跟前,5,N,
根源,5,N,
耕地,5,N,
更動,5,VS,
弓,5,N,
工地,5,N,
工讀,5,VA,
工藝品,5,N,
公安,5,N,
公費,5,N,
公會,5,N,
公民,5,N,
公認,5,VA,
公事,5,N,
公文,5,N,
公務,5,N,
公務員,5,N,
公益,5,N,
公債,5,N,
功勞,5,N,
功利,5,VS,
攻,5,VA,
攻讀,5,VA,
攻擊,5,VA,
供給,5,VA,
宮殿,5,N,
恭敬,5,VS,
恭維,5,VA,
鞏固,5,VS,
共產,5,VS,
共和國,5,N,
共鳴,5,N,
供養,5,VA,
勾結,5,VA,
溝,5,N,
購,5,VA,
構想,5,N,
孤獨,5,VS,
孤兒,5,N,
孤立,5,VS,
辜負,5,VS,
估價,5,VA,
古怪,5,VS,
古跡,5,N,
古籍,5,N,
古物,5,N,
股,5,M,
股市,5,N,
鼓吹,5,VA,
鼓動,5,VA,
故,5,Conj,
雇,5,VA,
僱,5,VA,
雇用,5,VA,
僱用,5,VA,
固然,5,Conj,
固體,5,N,
固有,5,VS,
固執,5,VS,
顧全,5,VA,
蝸牛,5,N,
寡婦,5,N,
拐,5,VA,
怪不得,5,Adv,
官,5,N,
官司,5,N,
棺材,5,N,
觀,5,VA,
觀測,5,VA,
觀感,5,N,
觀看,5,VA,
觀摩,5,VA,
觀望,5,VA,
關稅,5,N,
關切,5,VS,
關懷,5,VS,
關頭,5,N,
關照,5,VS,
管教,5,VA,
管線,5,N,
管子,5,N,
貫徹,5,VS,
灌,5,VA,
灌溉,5,VA,
灌輸,5,VA,
光顧,5,VA,
光滑,5,VS,
光輝,5,VS,
光芒,5,N,
規範,5,N,
規格,5,N,
歸,5,VS/VA,
歸還,5,VA,
歸納,5,VA,
軌道,5,N,
鬼怪,5,N,
貴賓,5,N,
棍子,5,N,
國產,5,VS,
國防,5,N,
國境,5,N,
國君,5,N,
國民,5,N,
國營,5,VS,
果斷,5,VS,
果實,5,N,
果樹,5,N,
果真,5,Adv,
過關,5,VA,
過量,5,VS,
過敏,5,VS,
過目,5,VA,
過人,5,VS,
過失,5,N,
過癮,5,VS,
過重,5,VS,
海拔,5,N,
海面,5,N,
海嘯,5,N,
海運,5,N,
害蟲,5,N,
行號,5,N,
行列,5,N,
航空信,5,N,
航行,5,VA,
毫不,5,Adv,
好比,5,VA,
好手,5,N,
好受,5,VS,
號子,5,N,
證券行,5,N,
合併,5,VA,
合同,5,N,
合意,5,VS,
合約,5,N,
何,5,Det,
何在,5,VS,
和解,5,VA,
和睦,5,VS,
和諧,5,VS,
核定,5,VA,
核對,5,VA,
核算,5,VA,
核准,5,VA,
核子,5,N,
黑名單,5,N,
黑社會,5,N,
狠,5,VS,
狠心,5,VS,
哼,5,P/VA,
衡量,5,VA,
轟動,5,VS,
轟轟烈烈,5,VS,
紅利,5,N,
紅燒,5,VA,
洪水,5,N,
宏偉,5,VS,
哄,5,VA,
後輩,5,N,
候選人,5,N,
呼籲,5,VA,
壺,5,M,
胡亂,5,Adv,
狐疑,5,VS,
戶口,5,N,
互補,5,VS,
互動,5,N,
互惠,5,VS,
護,5,VA,
花瓣,5,N,
花朵,5,N,
花卉,5,N,
花紋,5,N,
花樣,5,N,
划不來,5,VS,
划得來,5,VS,
華裔,5,N,
化工,5,N,
化石,5,N,
話劇,5,N,
畫面,5,N,
畫展,5,N,
劃時代,5,VS,
懷,5,VS,
懷疑,5,VS,
歡送,5,VA,
幻象,5,N,
換取,5,VA,
患,5,VS,
患者,5,N,
荒唐,5,VS,
慌張,5,VS,
惶恐,5,VS,
恍惚,5,VS,
灰塵,5,N,
輝煌,5,VS,
回合,5,N,
回絕,5,VA,
回升,5,VS,
迴響,5,N,
回響,5,N,
毀,5,VA,
毀損,5,VA,
悔恨,5,VS,
匯,5,VA,
匯票,5,N,
會見,5,VA,
會談,5,VA,
會意,5,VS,
繪畫,5,N,
賄賂,5,VA,
彗星,5,N,
昏,5,VS,
渾身,5,N,
混淆,5,VS,
混濁,5,VS,
活兒,5,N,
活期,5,VS,
火箭,5,N,
火力,5,N,
火焰,5,N,
火藥,5,N,
伙伴,5,N,
獲,5,VS,
貨幣,5,N,
貨品,5,N,
豁達,5,VS,
積,5,VS,
基層,5,N,
基地,5,N,
基督,5,N,
基因,5,N,
機動,5,VS,
機警,5,VS,
機率,5,N,
機密,5,N,
機器人,5,N,
機制,5,N,
肌膚,5,N,
飢餓,5,VS,
畸形,5,VS,
激增,5,VS,
及早,5,Adv,
吉利,5,VS,
吉祥,5,VS,
汲取,5,VA,
即,5,Adv/VA,
即日,5,N,
即時,5,Adv,
嫉妒,5,VS,
極端,5,VS/N,
極力,5,Adv,
極為,5,Adv,
集結,5,VA,
集權,5,VS,
集體,5,Adv,
集團,5,N,
急救,5,VA,
急躁,5,VS,
急診,5,VA,
籍貫,5,N,
擊,5,VA,
擊落,5,VA,
計,5,VA,
暨,5,Conj,
繼承,5,VA,
季風,5,N,
劑量,5,N,
紀律,5,N,
技能,5,N,
技藝,5,N,
祭祀,5,VA,
傢伙,5,N,
家家戶戶,5,N,
家電,5,N,
家屬,5,N,
佳節,5,N,
佳人,5,N,
加緊,5,VA,
加快,5,VS,
加薪,5,VA,
加重,5,VA,
枷鎖,5,N,
夾雜,5,VS,
假若,5,Conj,
假使,5,Conj,
假象,5,N,
架子,5,N,
架構,5,N,
假期,5,N,
煎,5,VA,
監督,5,VA,
尖端,5,VS,
堅固,5,VS,
堅忍,5,VS,
堅信,5,VS,
堅硬,5,VS,
兼職,5,VA,
艱鉅,5,VS,
艱苦,5,VS,
艱難,5,VS,
簡便,5,VS,
簡稱,5,VA,
簡化,5,VS,
簡體,5,N,
檢討,5,VA,
漸,5,Adv,
賤,5,VS,
濺,5,VA,
見解,5,N,
見識,5,VA,
見證,5,VA,
建造,5,VA,
健身,5,VA,
健身房,5,N,
健壯,5,VS,
將軍,5,N,
獎勵,5,VA,
獎賞,5,N,
獎狀,5,N,
講理,5,VS,
講習,5,N,
講義,5,N,
講座,5,N,
交錯,5,VS,
交貨,5,VA,
交集,5,N,
交情,5,N,
交涉,5,VA,
交談,5,VA,
焦急,5,VS,
腳本,5,N,
攪和,5,VA,
轎車,5,N,
叫好,5,VS,
教官,5,N,
教化,5,VA,
教誨,5,N,
教徒,5,N,
教員,5,N,
較量,5,VA,
皆,5,Adv,
階層,5,N,
階級,5,N,
街坊,5,N,
接管,5,VA,
接連,5,Adv,
接納,5,VA,
接洽,5,VA,
接下來,5,Adv,
揭幕,5,VS,
揭曉,5,VA,
截,5,M/VA,
潔白,5,VS,
節儉,5,VS,
節慶,5,N,
竭力,5,Adv,
結實,5,VS,
結業,5,VS,
結緣,5,VA,
捷運,5,N,
解放,5,VA,
解渴,5,VS,
解剖,5,VA,
解說,5,VA,
解體,5,VA,
解脫,5,VA,
解約,5,VA,
屆時,5,Adv,
戒,5,VA,
戒備,5,VA,
借貸,5,VA,
藉口,5,N,
介入,5,VA,
金錢,5,N,
金魚,5,N,
津貼,5,N,
緊湊,5,VS,
緊密,5,VS,
緊縮,5,VA,
謹慎,5,VS,
勁,5,N,
勁兒,5,N,
進場,5,VA,
進度,5,N,
進而,5,Conj,
進攻,5,VA,
進化,5,VS,
進軍,5,VA,
進修,5,VA,
進展,5,VA,
晉級,5,VS,
盡量,5,Adv,
禁令,5,N,
精,5,VS,
精光,5,VS,
精華,5,N,
精明,5,VS,
精髓,5,N,
精緻,5,VS,
經典,5,N,
經書,5,N,
驚惶,5,VS,
驚奇,5,VS,
驚喜,5,VS,
驚險,5,VS,
鯨魚,5,N,
井,5,N,
警報,5,N,
警覺,5,VS,
警惕,5,VA,
警衛,5,N,
景觀,5,N,
景氣,5,N,
景物,5,N,
景象,5,N,
淨,5,Adv,
竟,5,Adv,
敬,5,VA,
敬佩,5,VS,
境地,5,N,
靜脈,5,N,
靜態,5,N,
競賽,5,VA,
競選,5,VA,
揪,5,VA,
糾紛,5,N,
酒店,5,N,
酒館,5,N,
酒精,5,N,
就緒,5,VS,
救濟,5,VA,
救援,5,VA,
居,5,VA,
局部,5,Det,
局面,5,N,
沮喪,5,VS,
舉例,5,VA,
舉止,5,N,
舉重,5,N,
巨人,5,N,
拒,5,VA,
距,5,Prep,
據,5,Prep,
據悉,5,Conj,
聚餐,5,VA,
俱全,5,VS,
捐獻,5,VA,
捐贈,5,VA,
決賽,5,N,
決議,5,N,
抉擇,5,N,
絕大多數,5,Det,
絕跡,5,VS,
均,5,Adv,
均衡,5,VS,
均勻,5,VS,
軍備,5,N,
軍閥,5,N,
軍官,5,N,
軍艦,5,N,
開辦,5,VA,
開導,5,VA,
開動,5,VA,
開飯,5,VA,
開口,5,VA,
開闊,5,VS,
開路,5,VA,
開幕,5,VS,
開盤,5,VA,
開闢,5,VA,
開啟,5,VA,
開頭,5,N,
開頭兒,5,N,
開銷,5,N,
開業,5,VA,
開展,5,VA,
開張,5,VA,
刊物,5,N,
刊登,5,VA,
看守,5,VA,
康復,5,VS,
慷慨,5,VS,
扛,5,VA,
抗爭,5,VA,
考場,5,N,
考古,5,VA,
考量,5,N,
考生,5,N,
考驗,5,VA,
烤肉,5,N,
刻畫,5,VA,
刻劃,5,VA,
科幻,5,VS,
苛責,5,VA,
殼,5,N,
可觀,5,VS,
可見,5,Conj,
可望,5,VS,
可行,5,VS,
刻薄,5,VS,
刻苦,5,VS,
刻意,5,Adv,
客機,5,N,
課業,5,N,
克制,5,VA,
吭聲,5,VA,
空曠,5,VS,
空難,5,N,
空談,5,VA,
空運,5,VA,
孔,5,N,
恐嚇,5,VA,
恐懼,5,VS,
口頭,5,N,
口吻,5,N,
扣除,5,VA,
苦工,5,N,
苦難,5,N,
苦惱,5,VS,
苦衷,5,N,
庫存,5,N,
誇,5,VA,
誇耀,5,VA,
跨越,5,VA,
快活,5,VS,
快速,5,VS,
寬廣,5,VS,
寬闊,5,VS,
款,5,M,
款待,5,VA,
款式,5,N,
狂風,5,N,
狂妄,5,VS,
礦產,5,N,
礦工,5,N,
虧,5,VS,
昆蟲,5,N,
捆,5,VA,
困,5,VA,
困境,5,N,
困擾,5,VS/N,
擴建,5,VA,
擴散,5,VS,
擴張,5,VS,
拉票,5,VA,
臘月,5,N,
來賓,5,N,
來得,5,Adv,
來客,5,N,
欄,5,M,
攔,5,VA,
懶惰,5,VS,
懶散,5,VS,
朗讀,5,VA,
朗誦,5,VA,
勞改,5,VS,
勞累,5,VS,
老年,5,N,
老人家,5,N,
老鼠,5,N,
老天爺,5,N,
老頭兒,5,N,
老頭子,5,N,
老鄉,5,N,
老子,5,N,
雷,5,N,
雷達,5,N,
雷同,5,VS,
累積,5,VA,
類型,5,N,
冷凍,5,VA,
冷汗,5,N,
冷門,5,VS,
冷清,5,VS,
勒索,5,VA,
哩,5,P,
黎明,5,N,
罹難,5,VS,
里程,5,N,
理財,5,VA,
理所當然,5,VS,
理性,5,VS,
理學,5,N,
理智,5,VS,
禮服,5,N,
禮節,5,N,
力求,5,VA,
力行,5,VA,
力學,5,N,
立國,5,VA,
立體,5,VS,
利率,5,N,
利弊,5,N,
例,5,Prep/N,
歷屆,5,N,
歷來,5,N,
歷年,5,N,
聯,5,VA/N,
聯盟,5,N,
聯繫,5,VA,
聯想,5,VA,
連帶,5,VS,
連結,5,VA,
連任,5,VA,
連線,5,VA,
廉價,5,VS,
廉潔,5,VS,
臉龐,5,N,
臉譜,5,N,
良機,5,N,
兩極,5,N,
兩口子,5,N,
遼闊,5,VS,
列車,5,N,
列國,5,N,
列入,5,VS,
獵人,5,N,
烈士,5,N,
臨床,5,VS,
鄰里,5,N,
鈴,5,N,
靈,5,VS,
靈感,5,N,
靈驗,5,VS,
領隊,5,N,
領會,5,VS,
領悟,5,VS,
溜冰,5,VA,
留,5,VA,
流程,5,N,
流傳,5,VS,
流落,5,VA,
流氓,5,N,
流失,5,VS,
流水,5,N,
流通,5,VA,
流星,5,N,
流域,5,N,
柳樹,5,N,
籠子,5,N,
籠罩,5,VS,
壟斷,5,VA,
樓房,5,N,
漏,5,VS,
爐子,5,N,
陸地,5,N,
路過,5,VA,
露天,5,N,
錄影,5,VA,
錄影機,5,N,
輪廓,5,N,
倫理,5,N,
淪陷,5,VS,
論點,5,N,
卵,5,N,
囉嗦,5,VS,
鑼,5,N,
邏輯,5,N,
落得,5,VS,
落魄,5,VS,
落選,5,VS,
駱駝,5,N,
驢,5,N,
鋁,5,N,
旅費,5,N,
旅途,5,N,
履歷,5,N,
履行,5,VA,
麻醉,5,VA,
馬鈴薯,5,N,
埋伏,5,VA,
買主,5,N,
邁,5,VA,
邁進,5,VA,
麥子,5,N,
賣座,5,VS,
瞞,5,VA,
蠻橫,5,VS,
滿懷,5,VS,
漫長,5,VS,
蔓延,5,VS,
盲從,5,VS,
盲人,5,N,
芒果,5,N,
茫然,5,VS,
毛毯,5,N,
茂密,5,VS,
冒險,5,VA,
枚,5,M,
眉毛,5,N,
眉頭,5,N,
媒體,5,N,
每每,5,Adv,
美滿,5,VS,
美容院,5,N,
美食,5,N,
美洲,5,N,
悶,5,VS,
悶熱,5,VS,
門戶,5,N,
蒙,5,VS,
猛烈,5,VS,
夢見,5,VA,
謎,5,N,
謎語,5,N,
迷宮,5,N,
迷惑,5,VS,
迷戀,5,VS,
彌補,5,VA,
密集,5,VS,
蜜,5,N,
鳴,5,VA,
明理,5,VS,
明日,5,N,
明智,5,VS,
名額,5,N,
名號,5,N,
名氣,5,N,
名勝,5,N,
名聲,5,N,
名堂,5,N,
名下,5,N,
冥想,5,VA,
命名,5,VA,
命中,5,VA,
綿延,5,VS,
免稅,5,VS,
免疫,5,VS,
面孔,5,N,
面談,5,VA,
描繪,5,VA,
描述,5,VA,
民俗,5,N,
民營,5,VS,
敏感,5,VS,
敏捷,5,VS,
滅,5,VA,
模範,5,N,
模具,5,N,
模式,5,N,
魔術,5,N,
末,5,Det/N,
末期,5,N,
墨,5,N,
沒落,5,VS,
沒收,5,VA,
默默,5,Adv,
默契,5,N,
漠視,5,VS,
謀生,5,VA,
某些,5,Det,
畝,5,M,
母語,5,N,
木材,5,N,
木刻,5,N,
木料,5,N,
木偶,5,N,
沐浴,5,VA,
目睹,5,VA,
目光,5,N,
目擊,5,VA,
牧場,5,N,
幕,5,N,
募集,5,VA,
納悶,5,VS,
納入,5,VS,
納稅,5,VA,
乃,5,Adv,
耐,5,VS,
耐力,5,N,
男方,5,N,
南極洲,5,N,
難度,5,N,
難關,5,N,
難免,5,VS,
難題,5,N,
難民,5,N,
囊括,5,VA,
腦海,5,N,
腦力,5,N,
內閣,5,N,
內涵,5,N,
內銷,5,VA,
內在,5,N,
內戰,5,N,
內政,5,N,
能量,5,N,
擬,5,VA,
擬定,5,VA,
膩,5,VS,
念頭,5,N,
娘,5,N,
娘家,5,N,
凝固,5,VS,
凝結,5,VA,
凝聚,5,VA,
凝視,5,VA,
扭轉,5,VA,
農具,5,N,
農田,5,N,
農作物,5,N,
弄錯,5,VA,
奴隸,5,N,
怒氣,5,N,
挪,5,VA,
懦弱,5,VS,
諾言,5,N,
女方,5,N,
虐待,5,VA,
歐洲,5,N,
偶而,5,Adv,
偶爾,5,Adv,
趴,5,VA,
拍馬屁,5,VA,
拍攝,5,VA,
拍照,5,VA,
拍子,5,N,
排除,5,VA,
排擠,5,VA,
排名,5,VA,
派出所,5,N,
派對,5,N,
派遣,5,VA,
派頭,5,N,
判,5,VA,
盼,5,VS,
旁人,5,N,
旁聽,5,VA,
拋,5,VA,
拋棄,5,VA,
跑道,5,N,
泡沫,5,N,
陪伴,5,VA,
培訓,5,VA,
培育,5,VA,
配給,5,VA,
配音,5,VA,
噴漆,5,VA,
盆地,5,N,
蓬勃,5,VS,
捧場,5,VA,
批發,5,VA,
批准,5,VA,
疲憊,5,VS,
譬如,5,Prep,
偏差,5,N,
片刻,5,N,
拼,5,VA,
貧苦,5,VS,
貧民,5,N,
品味,5,N,
品種,5,N,
乒乓球,5,N,
桌球,5,N,
平凡,5,VS,
平面,5,N,
平穩,5,VS,
平行,5,VS,
評估,5,VA,
評價,5,N,
評論,5,VA,
潑,5,VA,
婆家,5,N,
破案,5,VA,
破產,5,VS,
破除,5,VA,
破獲,5,VA,
破例,5,VS,
破碎,5,VS,
迫害,5,VA,
魄力,5,N,
樸素,5,VS,
曝光,5,VS,
暴露,5,VS,
漆,5,N,
淒涼,5,VS,
欺侮,5,VA,
奇觀,5,N,
奇蹟,5,N,
奇妙,5,VS,
奇異,5,VS,
期待,5,VS,
期貨,5,N,
期望,5,VS,
旗幟,5,N,
乞丐,5,N,
啟,5,VA,
啟發,5,VA,
啟示,5,N,
啟事,5,N,
起步,5,VA,
起伏,5,VA,
起碼,5,Adv,
起源,5,N,
氣概,5,N,
氣管,5,N,
氣派,5,VS,
氣勢,5,N,
氣體,5,N,
氣壓,5,N,
契機,5,N,
棄權,5,VA,
恰當,5,VS,
恰好,5,Adv,
恰恰,5,Adv,
洽商,5,VA,
洽談,5,VA,
鉛,5,N,
牽連,5,VS,
簽署,5,VA,
謙遜,5,VS,
前輩,5,N,
前程,5,N,
前後,5,N,
前景,5,N,
前科,5,N,
前提,5,N,
潛藏,5,VA,
潛力,5,N,
虔誠,5,VS,
淺薄,5,VS,
淺顯,5,VS,
腔調,5,N,
牆角,5,N,
強勁,5,VS,
強求,5,VA,
強權,5,N,
強壯,5,VS,
瞧不起,5,VS,
橋樑,5,N,
巧合,5,VS,
俏,5,VS,
翹,5,VS,
峭壁,5,N,
蹺課,5,VA,
切磋,5,VA,
切實,5,VS,
竊賊,5,N,
親熱,5,VS,
親身,5,Adv,
親生,5,VS,
侵犯,5,VA,
侵略,5,VA,
侵蝕,5,VA,
侵襲,5,VA,
欽佩,5,VS,
琴,5,N,
勤奮,5,VS,
青春,5,N,
青翠,5,VS,
青蛙,5,N,
清澈,5,VS,
清潔,5,VS,
清靜,5,VS,
清廉,5,VS,
清幽,5,VS,
清掃,5,VA,
輕薄,5,VS,
輕蔑,5,VS,
輕易,5,Adv,
情報,5,N,
情操,5,N,
情婦,5,N,
情節,5,N,
情景,5,N,
情侶,5,N,
情趣,5,N,
慶幸,5,VS,
丘陵,5,N,
求學,5,VA,
求助,5,VA,
屈服,5,VS,
趨勢,5,N,
渠道,5,N,
取材,5,VS,
取締,5,VA,
取樣,5,N,
取悅,5,VA,
趣味,5,N,
圈子,5,N,
拳,5,M,
全力,5,Adv,
全盤,5,Det,
權力,5,N,
權威,5,N,
權益,5,N,
泉源,5,N,
勸導,5,VA,
勸告,5,N,
缺陷,5,N,
確保,5,VA,
確切,5,VS,
群島,5,N,
群居,5,VS,
染料,5,N,
嚷,5,VA,
饒,5,VA,
熱潮,5,N,
熱帶,5,N,
熱量,5,N,
熱水瓶,5,N,
仁愛,5,N,
人次,5,N,
人道,5,N,
人禍,5,N,
人際,5,N,
人情,5,N,
人群,5,N,
人士,5,N,
人手,5,N,
人選,5,N,
人造,5,VS,
忍痛,5,VS,
任期,5,N,
任意,5,VS,
認錯,5,VA,
認定,5,VA,
日程,5,N,
日光燈,5,N,
日益,5,Adv,
容量,5,N,
容納,5,VS,
容器,5,N,
容許,5,VA,
溶,5,VS,
溶化,5,VS,
融合,5,VA,
融洽,5,VS,
榮譽,5,N,
揉,5,VA,
柔軟,5,VS,
肉麻,5,VS,
肉體,5,N,
儒家,5,N,
入超,5,VS,
入世,5,VS,
軟弱,5,VS,
軟體,5,N,
若,5,Conj,
若干,5,Det,
撒謊,5,VA,
撒,5,VA,
灑,5,VA,
塞車,5,VS,
賽,5,VA,
散文,5,N,
散布,5,VA,
散佈,5,VA,
喪事,5,N,
嗓子,5,N,
喪生,5,VS,
騷動,5,VA,
嫂子,5,N,
色澤,5,N,
剎車,5,VA,
煞車,5,VA,
沙拉,5,N,
沙啞,5,VS,
傻瓜,5,N,
山峰,5,N,
山谷,5,N,
山脈,5,N,
閃電,5,N,
閃爍,5,VA,
閃耀,5,VS,
擅長,5,VS,
傷口,5,N,
傷亡,5,VS,
商榷,5,VA,
商討,5,VA,
賞,5,VA,
尚,5,Adv,
上吊,5,VA,
上好,5,VS,
上進,5,VS,
上空,5,N,
上路,5,VA,
上門,5,VA,
上司,5,N,
上旬,5,N,
上演,5,VA,
上癮,5,VS,
上漲,5,VS,
燒香,5,VA,
奢侈,5,VS,
奢望,5,VS,
設,5,VA,
設施,5,N,
設想,5,VA,
射擊,5,VA,
射手,5,N,
涉及,5,VS,
涉嫌,5,VS,
社論,5,N,
社區,5,N,
攝取,5,VA,
攝氏,5,N,
攝影機,5,N,
深奧,5,VS,
深沉,5,VS,
深度,5,N,
深厚,5,VS,
深切,5,VS,
深造,5,VA,
身段,5,N,
身教,5,N,
身為,5,VA,
身子,5,N,
伸張,5,VA,
神情,5,N,
審核,5,VA,
審判,5,VA,
審慎,5,VS,
審議,5,VA,
甚,5,Adv,
滲入,5,VA,
生詞,5,N,
生火,5,VA,
生理,5,N,
生平,5,N,
生前,5,N,
生人,5,N,
生死,5,N,
生態,5,N,
生物,5,N,
生效,5,VS,
生硬,5,VS,
生育,5,N/VA,
生殖,5,VA,
升遷,5,VA,
升值,5,VS,
聲稱,5,VA,
聲明,5,N,
聲勢,5,N,
省事,5,VS,
盛,5,VA,
盛情,5,N,
盛行,5,VS,
盛裝,5,VS,
勝地,5,N,
聖賢,5,N,
失,5,VS,
失靈,5,VS,
失落,5,VS,
失明,5,VS,
失事,5,VS,
失手,5,VS,
失蹤,5,VS,
師範,5,VS,
施肥,5,VA,
施行,5,VA,
屍體,5,N,
石膏,5,N,
十足,5,VS,
拾,5,VA,
時差,5,N,
時光,5,N,
時節,5,N,
時髦,5,VS,
時效,5,N,
實地,5,Adv,
實踐,5,VA,
實況,5,N,
實例,5,N,
實習,5,VA,
實證,5,N,
實質,5,N,
屎,5,N,
史料,5,N,
使喚,5,VA,
使節,5,N,
使勁,5,VA,
使命,5,N,
士兵,5,N,
仕女,5,N,
示範,5,VA,
市面,5,N,
市容,5,N,
世代,5,N,
世間,5,N,
世事,5,N,
試卷,5,N,
試圖,5,VA,
逝世,5,VS,
勢必,5,Adv,
事故,5,N,
事變,5,N,
事態,5,N,
事務,5,N,
事宜,5,N,
釋放,5,VA,
嗜好,5,N,
視為,5,VA,
室友,5,N,
適宜,5,VS,
適中,5,VS,
收藏,5,VA,
收費,5,VA,
收集,5,VA,
收買,5,VA,
收縮,5,VA,
收聽,5,VA,
收益,5,N,
手冊,5,N,
手槍,5,N,
手勢,5,N,
守,5,VA,
守護,5,VA,
首府,5,N,
首領,5,N,
首席,5,N,
首飾,5,N,
首長,5,N,
受害,5,VS,
受訓,5,VA,
售貨員,5,N,
授課,5,VA,
狩獵,5,VA,
壽星,5,N,
疏導,5,VA,
疏散,5,VA,
梳,5,VA,
書本,5,N,
書面,5,N,
書寫,5,VA,
舒暢,5,VS,
舒展,5,VS,
輸血,5,VA,
束縛,5,VA,
樹苗,5,N,
數據,5,N,
率,5,VA,
霜,5,N,
雙重,5,VS,
雙打,5,N,
爽快,5,VS,
水道,5,N,
水稻,5,N,
水晶,5,N,
水庫,5,N,
水力,5,N,
水泥,5,N,
水源,5,N,
水蒸氣,5,N,
睡眠,5,N,
順從,5,VS,
順應,5,VS,
瞬間,5,N,
說謊,5,VA,
說笑,5,VA,
思潮,5,N,
思念,5,VS,
思維,5,N,
絲毫,5,Det,
司令,5,N,
斯文,5,VS,
私心,5,N,
賜,5,VA,
似的,5,N,
似地,5,N,
松樹,5,N,
慫恿,5,VA,
搜集,5,VA,
俗稱,5,VA,
俗語,5,N,
塑膠,5,N,
訴苦,5,VA,
素食,5,N,
素質,5,N,
算命,5,VA,
算術,5,N,
雖說,5,Conj,
隨後,5,N,
隨即,5,Adv,
隨身,5,Adv,
隨同,5,Prep,
隧道,5,N,
歲月,5,N,
損,5,VA,
損害,5,VA,
損壞,5,VA,
損傷,5,VS,
縮小,5,VS,
所得,5,N,
所以然,5,N,
所在,5,N,
索賠,5,VA,
瑣碎,5,VS,
牠,5,N,
他人,5,N,
塔,5,N,
踏實,5,VS,
台階,5,N,
太極拳,5,N,
太平,5,VS,
態勢,5,N,
貪,5,VS,
貪心,5,VS,
攤位,5,N,
痰,5,N,
談論,5,VA,
彈性,5,N,
坦克,5,N,
坦然,5,VS,
探病,5,VA,
探究,5,VA,
探索,5,VA,
探望,5,VA,
探險,5,VA,
湯圓,5,N,
堂堂,5,VS,
倘若,5,Conj,
陶器,5,N,
逃生,5,VA,
逃稅,5,VA,
淘汰,5,VA,
套房,5,N,
套裝,5,N,
特此,5,Adv,
特區,5,N,
特權,5,N,
特約,5,VS,
特徵,5,N,
疼愛,5,VS,
剔除,5,VA,
啼,5,VA,
提拔,5,VA,
提倡,5,VA,
提出,5,VA,
提及,5,VA,
提名,5,VA,
提升,5,VA,
提議,5,VA,
體操,5,N,
體格,5,N,
體積,5,N,
體諒,5,VS,
體面,5,VS,
體系,5,N,
體質,5,N,
替代,5,VS,
添,5,VA,
天敵,5,N,
天然氣,5,N,
天性,5,N,
天災,5,N,
田地,5,N,
田徑,5,N,
甜美,5,VS,
挑剔,5,VA,
調和,5,VS/VA,
調節,5,VA,
調皮,5,VS,
條例,5,N,
聽寫,5,VA,
停頓,5,VA,
停留,5,VA,
停滯,5,VA,
通報,5,VA,
通車,5,VS,
通稱,5,VA,
通貨膨脹,5,VS,
通緝,5,VA,
通行,5,VA,
通用,5,VS,
同伴,5,N,
同化,5,VA,
同鄉,5,N,
同心,5,VS,
同性戀,5,N,
同業,5,N,
統統,5,Adv,
統制,5,VA,
痛恨,5,VS,
偷渡,5,VA,
偷懶,5,VS,
投保,5,VA,
投機,5,VS,
透明,5,VS,
徒弟,5,N,
突擊,5,VA,
突兀,5,VS,
塗,5,VA,
圖表,5,N,
圖畫,5,N,
圖騰,5,N,
土壤,5,N,
團聚,5,VS,
團員,5,N,
推測,5,VA,
推崇,5,VS,
推出,5,VA,
推選,5,VA,
退化,5,VS,
吞吞吐吐,5,VA,
托,5,VA,
拖累,5,VA,
拖延,5,VS,
脫身,5,VS,
脫手,5,VA,
瓦斯,5,N,
外表,5,N,
外號,5,N,
外力,5,N,
外貿,5,N,
外線,5,N,
外銷,5,VA,
外遇,5,N,
外在,5,N,
外資,5,N,
外祖父,5,N,
外祖母,5,N,
彎曲,5,VS,
完備,5,VS,
完美,5,VS,
玩弄,5,VA,
頑強,5,VS,
挽,5,VA,
挽救,5,VA,
萬分,5,Adv,
萬事,5,N,
萬歲,5,VS,
萬萬,5,Adv,
萬物,5,N,
惋惜,5,VS,
亡國,5,VS,
往來,5,VA,
旺季,5,N,
旺盛,5,VS,
威風,5,VS,
威力,5,N,
萎縮,5,VS,
為人,5,N,
為生,5,VS,
為首,5,VS,
為止,5,N,
違背,5,VS,
違約,5,VA,
危害,5,VA,
圍巾,5,N,
圍牆,5,N,
圍繞,5,VA,
微弱,5,VS,
微小,5,VS,
維生素,5,N,
胃,5,N,
胃口,5,N,
未必,5,Adv,
未婚夫,5,N,
未婚妻,5,N,
未免,5,Adv,
溫,5,VS,
溫帶,5,N,
溫泉,5,N,
溫習,5,VA,
溫馴,5,VS,
瘟疫,5,N,
文明,5,N,
文壇,5,N,
文獻,5,N,
聞名,5,VS,
穩健,5,VS,
紊亂,5,VS,
問世,5,VA,
臥,5,VA,
烏龜,5,N,
烏龍茶,5,N,
烏鴉,5,N,
無比,5,VS,
無線電,5,N,
無形,5,VS,
無疑,5,Adv,
五金,5,N,
武力,5,N,
武士,5,N,
武裝,5,VA,
侮辱,5,VA,
物產,5,N,
物品,5,N,
物體,5,N,
物資,5,N,
誤差,5,N,
誤解,5,VS,
務實,5,VS,
西服,5,N,
西洋,5,N,
西醫,5,N,
溪流,5,N,
席,5,M,
席位,5,N,
錫,5,N,
襲擊,5,VA,
昔日,5,N,
習題,5,N,
洗禮,5,N,
喜氣,5,N,
喜悅,5,VS,
系,5,N,
戲曲,5,N,
瑕疵,5,N,
峽谷,5,N,
狹小,5,VS,
狹窄,5,VS,
下筆,5,VA,
下跌,5,VS,
下滑,5,VA,
下列,5,VS,
下水,5,VA,
下水道,5,N,
下旬,5,N,
掀,5,VA,
仙丹,5,N,
先後,5,N,
先驅,5,N,
先天,5,VS,
鮮明,5,VS,
鮮艶,5,VS,
鮮豔,5,VS,
纖維,5,N,
嫌疑,5,N,
顯現,5,VS,
限,5,VS,
限度,5,N,
憲法,5,N,
線路,5,N,
陷入,5,VA,
獻身,5,VA,
現今,5,N,
現行,5,VS,
現狀,5,N,
相傳,5,VA,
相仿,5,VS,
相符,5,VS,
相繼,5,Adv,
相配,5,VS,
鄉土,5,VS,
香皂,5,N,
鑲,5,VA,
想開,5,VS,
響亮,5,VS,
嚮導,5,N,
嚮往,5,VS,
象徵,5,VS/N,
消毒,5,VA,
消防,5,VS,
消耗,5,VA,
消遣,5,VA/N,
瀟灑,5,VS,
逍遙,5,VS,
小販,5,N,
小伙子,5,N,
小夥子,5,N,
效法,5,VA,
效勞,5,VA,
效力,5,N,
效忠,5,VA,
笑嘻嘻,5,VA,
孝子,5,N,
協辦,5,VA,
協定,5,VA,
協會,5,N,
協商,5,VA,
協調,5,VS/VA,
協議,5,VA/N,
血汗,5,N,
血跡,5,N,
血壓,5,N,
寫實,5,VS,
寫作,5,VA,
洩氣,5,VS,
心愛,5,VS,
心軟,5,VS,
心事,5,N,
心思,5,N,
心酸,5,VS,
心態,5,N,
心疼,5,VS,
心胸,5,N,
辛勤,5,VS,
辛酸,5,VS,
新潮,5,VS,
新手,5,N,
新穎,5,VS,
信賴,5,VS,
信念,5,N,
信徒,5,N,
信息,5,N,
星辰,5,N,
星座,5,N,
興建,5,VA,
興隆,5,VS,
興起,5,VA,
行善,5,VA,
行使,5,VA,
行星,5,N,
行政,5,N,
刑事,5,N,
形勢,5,N,
形態,5,N,
形體,5,N,
形形色色,5,VS,
型態,5,N,
性,5,N,
性能,5,N,
性情,5,N,
興致,5,N,
胸,5,N,
胸口,5,N,
修補,5,VA,
修訂,5,VA,
修建,5,VA,
修女,5,N,
修養,5,N,
修築,5,VA,
繡,5,VA,
須,5,Adv,
虛擬,5,VA,
虛心,5,VS,
許久,5,N,
許可,5,VA,
酗酒,5,VS,
序幕,5,N,
敘述,5,VA,
宣稱,5,VA,
宣告,5,VA,
宣示,5,VA,
宣誓,5,VA,
宣言,5,N,
宣揚,5,VA,
旋律,5,N,
旋轉,5,VA,
懸殊,5,VS,
懸崖,5,N,
選拔,5,VA,
選購,5,VA,
選民,5,N,
選票,5,N,
選修,5,VA,
學分,5,N,
學科,5,N,
學年,5,N,
學識,5,N,
學說,5,N,
學徒,5,N,
學員,5,N,
學制,5,N,
雪人,5,N,
削弱,5,VA,
巡邏,5,VA,
巡視,5,VA,
詢問,5,VA,
訓,5,VA,
押,5,VA,
鴉片,5,N,
壓歲錢,5,N,
壓縮,5,VA,
壓制,5,VA,
牙科,5,N,
芽,5,N,
啞,5,VS,
亞軍,5,N,
亞洲,5,N,
淹,5,VA,
研究所,5,N,
言論,5,N,
岩石,5,N,
延遲,5,VS,
延伸,5,VS,
延誤,5,VS,
延續,5,VS,
沿海,5,N,
沿途,5,N,
沿襲,5,VS,
沿用,5,VA,
嚴禁,5,VA,
嚴厲,5,VS,
嚴密,5,VS,
演變,5,VS,
演說,5,N,
演習,5,VA,
眼界,5,N,
眼看,5,VA,
衍生,5,VA,
燕窩,5,N,
燕子,5,N,
央求,5,VA,
仰,5,VA,
仰慕,5,VS,
養分,5,N,
養老,5,VS,
養育,5,VA,
邀,5,VA,
窯,5,N,
搖晃,5,VA,
謠言,5,N,
遙遠,5,VS,
要點,5,N,
要犯,5,N,
藥品,5,N,
葉,5,M,
業績,5,N,
依,5,Prep,
依舊,5,Adv,
依賴,5,VS,
依照,5,Prep,
醫療,5,N/VA,
醫術,5,N,
醫藥,5,N,
一道,5,Adv,
一度,5,Adv,
一概,5,Adv,
一貫,5,VS,
一律,5,Adv,
一味,5,Adv,
咦,5,VS,
儀表,5,N,
遺產,5,N,
遺傳,5,VS,
遺憾,5,VS,
遺留,5,VA,
遺棄,5,VA,
遺體,5,N,
遺忘,5,VS,
遺志,5,N,
遺址,5,N,
疑慮,5,N,
移植,5,VA,
倚,5,VA,
以至,5,Conj,
以至於,5,Conj,
以致,5,Conj,
以致於,5,Conj,
亦,5,Adv/Conj,
一連串,5,VS,
一流,5,VS,
一如,5,Prep,
一心,5,Adv,
液體,5,N,
抑制,5,VA,
意識到,5,VS,
意圖,5,N,
意味,5,VS,
毅力,5,N,
翌日,5,N,
異常,5,VS,
異鄉,5,N,
議定,5,VA,
議論,5,VA,
議題,5,N,
議員,5,N,
音,5,N,
因果,5,N,
陰謀,5,N,
陰影,5,N,
銀幕,5,N,
銀色,5,N,
銀子,5,N,
引,5,VA,
引導,5,VA,
引進,5,VA,
引擎,5,N,
隱藏,5,VA,
隱士,5,N,
隱約,5,Adv,
印證,5,VA,
櫻桃,5,N,
英勇,5,VS,
英語,5,N,
鷹,5,N,
營地,5,N,
營造,5,VA,
迎,5,VA,
迎合,5,VS,
影射,5,VS,
硬體,5,N,
應變,5,VA,
應酬,5,VA,
應急,5,VS,
應驗,5,VS,
應徵,5,VA,
唷,5,P,
湧,5,VA,
踴躍,5,VS,
用戶,5,N,
用途,5,N,
悠久,5,VS,
悠閒,5,VS,
優待,5,VA,
優勢,5,N,
優先,5,Adv,
優異,5,VS,
鈾,5,N,
由來,5,N,
遊覽,5,VA,
油田,5,N,
油條,5,N,
友愛,5,VS,
有機,5,VS,
有理,5,VS,
有所,5,VS,
有為,5,VS,
有限,5,VS,
有形,5,VS,
有心人,5,N,
有益,5,VS,
有意,5,VS,
有緣,5,VS,
誘惑,5,VA,
幼稚,5,VS,
于,5,Prep,
於,5,Prep,
逾,5,VS,
餘,5,VS/N,
愚蠢,5,VS,
輿論,5,N,
漁民,5,N,
予,5,VA,
予以,5,VA,
與會,5,VA,
雨季,5,N,
語文,5,N,
宇宙,5,N,
愈,5,Adv,
玉器,5,N,
預測,5,VA,
預防,5,VA,
預告,5,VA,
預估,5,VA,
預賽,5,N,
預約,5,VA,
寓言,5,N,
園林,5,N,
元氣,5,N,
元首,5,N,
元素,5,N,
原,5,Adv,
原本,5,Adv,
原形,5,N,
原野,5,N,
原狀,5,N,
原住民,5,N,
原子,5,N,
原子彈,5,N,
援助,5,VA,
遠景,5,N,
怨,5,VS,
約束,5,VA,
躍,5,VA,
樂隊,5,N,
月台,5,N,
運,5,VA,
運行,5,VA,
孕婦,5,N,
醞釀,5,VA,
栽,5,VA,
災禍,5,N,
災情,5,N,
在場,5,VA,
在世,5,VS,
在座,5,VA,
再三,5,Adv,
再生,5,VS,
咱,5,N,
贊助,5,VA,
讚嘆,5,VA,
讚歎,5,VA,
贓物,5,N,
遭,5,Prep/VS/M,
造反,5,VA,
造化,5,N,
造物主,5,N,
造型,5,N,
責備,5,VA,
增進,5,VA,
增強,5,VS,
增值,5,VS,
贈,5,VA,
扎,5,VA,
炸藥,5,N,
沾,5,VA,
盞,5,M,
展望,5,VS,
展現,5,VA,
嶄新,5,VS,
占據,5,VA,
佔據,5,VA,
占領,5,VA,
佔領,5,VA,
顫抖,5,VA,
戰火,5,N,
戰機,5,N,
戰亂,5,N,
戰略,5,N,
戰勝,5,VA,
戰士,5,N,
戰術,5,N,
戰線,5,N,
戰友,5,N,
戰戰兢兢,5,VS,
張開,5,VA,
張貼,5,VA,
長子,5,N,
帳篷,5,N,
丈,5,M,
朝氣,5,N,
著想,5,VS,
找尋,5,VA,
沼澤,5,N,
召集,5,VA,
照例,5,Adv,
照耀,5,VA,
遮,5,VA,
遮蔽,5,VA,
折騰,5,VA,
針灸,5,VA,
真情,5,N,
診斷,5,VA,
診所,5,N,
鎮定,5,VS,
鎮壓,5,VA,
振動,5,VA,
震驚,5,VS,
陣營,5,N,
蒸,5,VA,
蒸發,5,VA,
蒸氣,5,N,
爭辯,5,VA,
爭奪,5,VA,
爭氣,5,VS,
爭議,5,N,
徵收,5,VA,
掙扎,5,VA,
整頓,5,VA,
整體,5,N,
整整,5,Adv,
正當,5,VS,
正統,5,N,
正義,5,N,
政績,5,N,
政見,5,N,
政權,5,N,
證券,5,N,
證人,5,N,
掙,5,VA,
之內,5,N,
之所以,5,Conj,
支撐,5,VA,
支付,5,VA,
支配,5,VA,
支應,5,VA,
知足,5,VS,
脂肪,5,N,
織,5,VA,
直徑,5,N,
值班,5,VA,
值錢,5,VS,
殖民,5,VA,
質量,5,N,
質疑,5,VA,
職務,5,N,
職責,5,N,
執照,5,N,
執政,5,VA,
執著,5,VS,
只得,5,Adv,
指標,5,N,
指點,5,VA,
指揮,5,VA/N,
指控,5,VA,
指南針,5,N,
指數,5,N,
指頭,5,N,
指望,5,VS,
指紋,5,N,
指引,5,VA,
指正,5,VA,
至今,5,Adv,
治安,5,N,
治本,5,VA,
治標,5,VA,
治理,5,VA,
治療,5,VA,
志趣,5,N,
志向,5,N,
致詞,5,VA,
致富,5,VS,
致力,5,VS,
致命,5,VS,
致意,5,VA,
智力,5,N,
制裁,5,VA,
制訂,5,VA,
製品,5,N,
滯留,5,VA,
中斷,5,VA,
中和,5,VA,
中立,5,VS,
中旬,5,N,
中葉,5,N,
中醫,5,N,
中庸,5,VS,
忠實,5,VS,
衷心,5,Adv,
終場,5,N,
終結,5,VA,
終究,5,Adv,
終身,5,N,
種種,5,Det,
種植,5,VA,
中風,5,VS,
中獎,5,VS,
中肯,5,VS,
中暑,5,VS,
重用,5,VA,
重鎮,5,N,
周邊,5,N,
周密,5,VS,
周詳,5,VS,
周遊,5,VA,
周轉,5,VA,
皺,5,VS,
皺紋,5,N,
株,5,M,
諸多,5,Det,
逐,5,Prep/VA,
逐步,5,Adv,
主導,5,VA,
主見,5,N,
主力,5,N,
主流,5,N,
主權,5,N,
主人翁,5,N,
主義,5,N,
主宰,5,VA,
主旨,5,N,
主軸,5,N,
囑咐,5,VA,
矚目,5,VA,
注定,5,VS,
注目,5,VA,
注視,5,VA,
注重,5,VS,
住戶,5,N,
住宿,5,VA,
柱子,5,N,
助教,5,N,
助手,5,N,
佇立,5,VA,
著作,5,N,
駐,5,VA,
抓緊,5,VA,
專櫃,5,N,
專員,5,N,
專制,5,VS,
磚,5,N,
轉動,5,VA,
轉化,5,VA,
轉手,5,VA,
轉眼,5,Adv,
轉移,5,VA,
轉帳,5,VA,
撰寫,5,VA,
莊嚴,5,VS,
裝備,5,N,
裝潢,5,VA,
裝配,5,VA,
裝運,5,VA,
裝置,5,VA,
壯觀,5,VS,
壯麗,5,VS,
狀元,5,N,
追捕,5,VA,
追查,5,VA,
追究,5,VA,
準則,5,N,
准許,5,VA,
卓越,5,VS,
著手,5,VA,
著眼,5,VS,
著重,5,VS,
酌量,5,Adv,
資深,5,VS,
資助,5,VA,
姿勢,5,N,
姿態,5,N,
滋味,5,N,
子彈,5,N,
子弟,5,N,
子孫,5,N,
紫外線,5,N,
自,5,Prep,
自稱,5,VA,
自費,5,VA,
自豪,5,VS,
自覺,5,VS,
自立,5,VS,
自滿,5,VS,
自身,5,N,
自行,5,Adv,
自制,5,VA,
自治,5,VA,
自傳,5,N,
字體,5,N,
字眼,5,N,
字眼兒,5,N,
字樣,5,N,
宗旨,5,N,
總裁,5,N,
總得,5,Adv,
總額,5,N,
總和,5,N,
總結,5,N,
總經理,5,N,
總數,5,N,
縱火,5,VA,
縱容,5,VS,
縱使,5,Conj,
走廊,5,N,
揍,5,VA,
租賃,5,VA,
足夠,5,VS,
祖宗,5,N,
阻擋,5,VA,
阻力,5,N,
阻撓,5,VA,
阻塞,5,VS,
組裝,5,VA,
鑽研,5,VA,
嘴唇,5,N,
罪惡,5,N,
罪名,5,N,
罪行,5,N,
尊,5,VS/M,
尊嚴,5,N,
遵循,5,VS,
作風,5,N,
作怪,5,VA,
作物,5,N,
作戰,5,VA,
作證,5,VA,
坐牢,5,VA,
坐鎮,5,VA,
座談,5,VA,
座右銘,5,N,